<?xml version="1.0" encoding="UTF-8"?>
<!-- contextQualifierLength=14 -->
<!-- contextQualifierLength=14 -->
<feature
      id="org.eclipse.emf.common.ui"
      label="%featureName"
      version="2.11.0.v20160526-0356"
      provider-name="%providerName">

   <description>
      %description
   </description>

   <copyright url="http://www.eclipse.org/legal/epl-v10.html">
      Copyright (c) 2014 Dennis Huebner and others.
All rights reserved.   This program and the accompanying materials
are made available under the terms of the Eclipse Public License v1.0
which accompanies this distribution, and is available at
http://www.eclipse.org/legal/epl-v10.html
   </copyright>

   <license url="%licenseURL">
      %license
   </license>

   <url>
      <update label="%ModelingUpdateSiteName" url="http://www.eclipse.org/modeling/updates/"/>
      <discovery label="%ModelingUpdateSiteName" url="http://www.eclipse.org/modeling/updates/"/>
   </url>

   <requires>
      <import plugin="org.eclipse.core.runtime"/>
      <import plugin="org.eclipse.ui"/>
      <import plugin="org.eclipse.emf.common"/>
   </requires>

   <plugin
         id="org.eclipse.emf.common.ui"
         download-size="0"
         install-size="0"
         version="2.11.0.v20160526-0356"
         unpack="false"/>

</feature>
