<?xml version='1.0' encoding='UTF-8'?>
<?artifactRepository version='1.1.0'?>
<repository name='download cache' type='org.eclipse.equinox.p2.artifact.repository.simpleRepository' version='1.0.0'>
  <properties size='2'>
    <property name='p2.system' value='true'/>
    <property name='p2.timestamp' value='1489514494089'/>
  </properties>
  <mappings size='3'>
    <rule filter='(&amp; (classifier=osgi.bundle))' output='${repoUrl}/plugins/${id}_${version}.jar'/>
    <rule filter='(&amp; (classifier=binary))' output='${repoUrl}/binary/${id}_${version}'/>
    <rule filter='(&amp; (classifier=org.eclipse.update.feature))' output='${repoUrl}/features/${id}_${version}.jar'/>
  </mappings>
  <artifacts size='4'>
    <artifact classifier='binary' id='org.eclipse.rcp_root' version='4.6.3.v20170301-0400'>
      <properties size='1'>
        <property name='download.size' value='27703'/>
      </properties>
    </artifact>
    <artifact classifier='binary' id='org.eclipse.platform_root' version='4.6.3.v20170301-0400'>
      <properties size='1'>
        <property name='download.size' value='195'/>
      </properties>
    </artifact>
    <artifact classifier='binary' id='epp.package.jee.executable.win32.win32.x86_64' version='4.6.3.20170314-1500'>
      <properties size='1'>
        <property name='download.size' value='35209'/>
      </properties>
    </artifact>
    <artifact classifier='binary' id='org.eclipse.platform.ide.executable.win32.win32.x86_64' version='4.6.3.M20170301-0400'>
      <properties size='1'>
        <property name='download.size' value='35212'/>
      </properties>
    </artifact>
  </artifacts>
</repository>
