<?xml version="1.0" encoding="UTF-8"?>
<java version="17" class="java.beans.XMLDecoder">
 <object class="org.eclipse.epp.internal.mpc.ui.catalog.MarketplaceInfo" id="MarketplaceInfo0">
  <void property="iuToNodeKey">
   <void method="put">
    <string>org.wso2.developerstudio.eclipse.registry.artifact.feature</string>
    <object class="java.util.ArrayList">
     <void method="add">
      <string>https://marketplace.eclipse.org#296419</string>
     </void>
    </object>
   </void>
   <void method="put">
    <string>org.eclipse.emf.ecp.emfforms.sdk.feature</string>
    <object class="java.util.ArrayList">
     <void method="add">
      <string>https://marketplace.eclipse.org#1767590</string>
     </void>
    </object>
   </void>
   <void method="put">
    <string>org.eclipse.rcptt.core</string>
    <object class="java.util.ArrayList">
     <void method="add">
      <string>https://marketplace.eclipse.org#2396798</string>
     </void>
    </object>
   </void>
   <void method="put">
    <string>org.wso2.developerstudio.eclipse.bpel.artifact.feature</string>
    <object class="java.util.ArrayList">
     <void method="add">
      <string>https://marketplace.eclipse.org#296419</string>
     </void>
    </object>
   </void>
   <void method="put">
    <string>com.coderplus.m2e.remoteresourcesfeature</string>
    <object class="java.util.ArrayList">
     <void method="add">
      <string>https://marketplace.eclipse.org#1936167</string>
     </void>
    </object>
   </void>
   <void method="put">
    <string>org.eclipse.embedcdt.codered</string>
    <object class="java.util.ArrayList">
     <void method="add">
      <string>https://marketplace.eclipse.org#2593184</string>
     </void>
    </object>
   </void>
   <void method="put">
    <string>org.eclipse.rcptt.ecl.core</string>
    <object class="java.util.ArrayList">
     <void method="add">
      <string>https://marketplace.eclipse.org#2396798</string>
     </void>
    </object>
   </void>
   <void method="put">
    <string>org.eclipse.rcptt.watson</string>
    <object class="java.util.ArrayList">
     <void method="add">
      <string>https://marketplace.eclipse.org#2396798</string>
     </void>
    </object>
   </void>
   <void method="put">
    <string>org.eclipse.wst.web_ui.feature</string>
    <object class="java.util.ArrayList">
     <void method="add">
      <string>https://marketplace.eclipse.org#2963400</string>
     </void>
    </object>
   </void>
   <void method="put">
    <string>org.eclipse.egit</string>
    <object class="java.util.ArrayList">
     <void method="add">
      <string>https://marketplace.eclipse.org#2963400</string>
     </void>
     <void method="add">
      <string>https://marketplace.eclipse.org#1336</string>
     </void>
    </object>
   </void>
   <void method="put">
    <string>com.remainsoftware.oas3.feature</string>
    <object class="java.util.ArrayList">
     <void method="add">
      <string>https://marketplace.eclipse.org#4556629</string>
     </void>
    </object>
   </void>
   <void method="put">
    <string>org.wso2.developerstudio.eclipse.bpel.feature</string>
    <object class="java.util.ArrayList">
     <void method="add">
      <string>https://marketplace.eclipse.org#296419</string>
     </void>
    </object>
   </void>
   <void method="put">
    <string>com.carrotgarden.m2e.scr.feature.feature.group</string>
    <object class="java.util.ArrayList">
     <void method="add">
      <string>https://marketplace.eclipse.org#218789</string>
     </void>
    </object>
   </void>
   <void method="put">
    <string>org.eclipse.embedcdt.templates.cortexm</string>
    <object class="java.util.ArrayList">
     <void method="add">
      <string>https://marketplace.eclipse.org#2593184</string>
     </void>
    </object>
   </void>
   <void method="put">
    <string>com.codeaffine.extras.ide.feature</string>
    <object class="java.util.ArrayList">
     <void method="add">
      <string>https://marketplace.eclipse.org#2710118</string>
     </void>
    </object>
   </void>
   <void method="put">
    <string>com.aptana.feature</string>
    <object class="java.util.ArrayList">
     <void method="add">
      <string>https://marketplace.eclipse.org#2832068</string>
     </void>
    </object>
   </void>
   <void method="put">
    <string>com.coderplus.m2e.jaxws</string>
    <object class="java.util.ArrayList">
     <void method="add">
      <string>https://marketplace.eclipse.org#1965968</string>
     </void>
    </object>
   </void>
   <void method="put">
    <string>org.wso2.developerstudio.eclipse.carbon.uibundle.artifact.feature</string>
    <object class="java.util.ArrayList">
     <void method="add">
      <string>https://marketplace.eclipse.org#296419</string>
     </void>
    </object>
   </void>
   <void method="put">
    <string>com.codeaffine.extras.jdt.feature</string>
    <object class="java.util.ArrayList">
     <void method="add">
      <string>https://marketplace.eclipse.org#2710118</string>
     </void>
    </object>
   </void>
   <void method="put">
    <string>com.netcetera.trema.eclipse.feature.feature.group</string>
    <object class="java.util.ArrayList">
     <void method="add">
      <string>https://marketplace.eclipse.org#2439683</string>
     </void>
    </object>
   </void>
   <void method="put">
    <string>org.eclipse.embedcdt.managedbuild.cross.riscv</string>
    <object class="java.util.ArrayList">
     <void method="add">
      <string>https://marketplace.eclipse.org#2593184</string>
     </void>
    </object>
   </void>
   <void method="put">
    <string>org.eclipse.rcptt.ecl.platform</string>
    <object class="java.util.ArrayList">
     <void method="add">
      <string>https://marketplace.eclipse.org#2396798</string>
     </void>
    </object>
   </void>
   <void method="put">
    <string>com.android.ide.eclipse.adt</string>
    <object class="java.util.ArrayList">
     <void method="add">
      <string>https://marketplace.eclipse.org#1171</string>
     </void>
    </object>
   </void>
   <void method="put">
    <string>org.wso2.developerstudio.eclipse.appserver.artifact.feature</string>
    <object class="java.util.ArrayList">
     <void method="add">
      <string>https://marketplace.eclipse.org#296419</string>
     </void>
    </object>
   </void>
   <void method="put">
    <string>org.eclipse.embedcdt.templates.sifive</string>
    <object class="java.util.ArrayList">
     <void method="add">
      <string>https://marketplace.eclipse.org#2593184</string>
     </void>
    </object>
   </void>
   <void method="put">
    <string>com.coderplus.m2e.yuicompressorfeature</string>
    <object class="java.util.ArrayList">
     <void method="add">
      <string>https://marketplace.eclipse.org#1953702</string>
     </void>
    </object>
   </void>
   <void method="put">
    <string>org.wso2.soapui.feature</string>
    <object class="java.util.ArrayList">
     <void method="add">
      <string>https://marketplace.eclipse.org#296419</string>
     </void>
    </object>
   </void>
   <void method="put">
    <string>org.wso2.developerstudio.eclipse.esb.graphical.editor.feature</string>
    <object class="java.util.ArrayList">
     <void method="add">
      <string>https://marketplace.eclipse.org#296419</string>
     </void>
    </object>
   </void>
   <void method="put">
    <string>org.infinitest.eclipse.feature</string>
    <object class="java.util.ArrayList">
     <void method="add">
      <string>https://marketplace.eclipse.org#1124</string>
     </void>
    </object>
   </void>
   <void method="put">
    <string>org.wso2.developerstudio.eclipse.framework.core.feature</string>
    <object class="java.util.ArrayList">
     <void method="add">
      <string>https://marketplace.eclipse.org#296419</string>
     </void>
    </object>
   </void>
   <void method="put">
    <string>ntut.csie.robusta</string>
    <object class="java.util.ArrayList">
     <void method="add">
      <string>https://marketplace.eclipse.org#1787137</string>
     </void>
    </object>
   </void>
   <void method="put">
    <string>org.eclipse.wildwebdeveloper.feature</string>
    <object class="java.util.ArrayList">
     <void method="add">
      <string>https://marketplace.eclipse.org#2963400</string>
     </void>
    </object>
   </void>
   <void method="put">
    <string>com.abapci.feature</string>
    <object class="java.util.ArrayList">
     <void method="add">
      <string>https://marketplace.eclipse.org#3629791</string>
     </void>
    </object>
   </void>
   <void method="put">
    <string>org.wso2.developerstudio.eclipse.server.framework.feature</string>
    <object class="java.util.ArrayList">
     <void method="add">
      <string>https://marketplace.eclipse.org#296419</string>
     </void>
    </object>
   </void>
   <void method="put">
    <string>org.eclipse.jgit.lfs</string>
    <object class="java.util.ArrayList">
     <void method="add">
      <string>https://marketplace.eclipse.org#1336</string>
     </void>
    </object>
   </void>
   <void method="put">
    <string>net.sourceforge.jbizmo.feature</string>
    <object class="java.util.ArrayList">
     <void method="add">
      <string>https://marketplace.eclipse.org#1052413</string>
     </void>
    </object>
   </void>
   <void method="put">
    <string>org.eclipse.embedcdt.debug.gdbjtag.qemu</string>
    <object class="java.util.ArrayList">
     <void method="add">
      <string>https://marketplace.eclipse.org#2593184</string>
     </void>
    </object>
   </void>
   <void method="put">
    <string>org.wso2.developerstudio.eclipse.carbonserver.31.feature</string>
    <object class="java.util.ArrayList">
     <void method="add">
      <string>https://marketplace.eclipse.org#296419</string>
     </void>
    </object>
   </void>
   <void method="put">
    <string>org.eclipse.rcptt.tesla.ecl</string>
    <object class="java.util.ArrayList">
     <void method="add">
      <string>https://marketplace.eclipse.org#2396798</string>
     </void>
    </object>
   </void>
   <void method="put">
    <string>org.wso2.developerstudio.eclipse.artifact.library.feature</string>
    <object class="java.util.ArrayList">
     <void method="add">
      <string>https://marketplace.eclipse.org#296419</string>
     </void>
    </object>
   </void>
   <void method="put">
    <string>org.eclipse.jgit.gpg.bc</string>
    <object class="java.util.ArrayList">
     <void method="add">
      <string>https://marketplace.eclipse.org#1336</string>
     </void>
    </object>
   </void>
   <void method="put">
    <string>org.testng.eclipse.maven.feature</string>
    <object class="java.util.ArrayList">
     <void method="add">
      <string>https://marketplace.eclipse.org#1549</string>
     </void>
    </object>
   </void>
   <void method="put">
    <string>com.laboki.eclipse.feature.smartclose</string>
    <object class="java.util.ArrayList">
     <void method="add">
      <string>https://marketplace.eclipse.org#2341029</string>
     </void>
    </object>
   </void>
   <void method="put">
    <string>org.eclipse.wildwebdeveloper.embedder.node.feature</string>
    <object class="java.util.ArrayList">
     <void method="add">
      <string>https://marketplace.eclipse.org#2963400</string>
     </void>
    </object>
   </void>
   <void method="put">
    <string>com.aspose.barcode.java.maven</string>
    <object class="java.util.ArrayList">
     <void method="add">
      <string>https://marketplace.eclipse.org#5277018</string>
     </void>
    </object>
   </void>
   <void method="put">
    <string>org.eclipse.rcptt.ecl.platform.ui</string>
    <object class="java.util.ArrayList">
     <void method="add">
      <string>https://marketplace.eclipse.org#2396798</string>
     </void>
    </object>
   </void>
   <void method="put">
    <string>org.eclipse.embedcdt.debug.gdbjtag.pyocd</string>
    <object class="java.util.ArrayList">
     <void method="add">
      <string>https://marketplace.eclipse.org#2593184</string>
     </void>
    </object>
   </void>
   <void method="put">
    <string>org.agileware.natural.jbehave.feature</string>
    <object class="java.util.ArrayList">
     <void method="add">
      <string>https://marketplace.eclipse.org#2427135</string>
     </void>
    </object>
   </void>
   <void method="put">
    <string>org.jboss.tools.smooks.feature</string>
    <object class="java.util.ArrayList">
     <void method="add">
      <string>https://marketplace.eclipse.org#296419</string>
     </void>
    </object>
   </void>
   <void method="put">
    <string>org.jboss.tools.maven.profiles.feature</string>
    <object class="java.util.ArrayList">
     <void method="add">
      <string>https://marketplace.eclipse.org#1286316</string>
     </void>
    </object>
   </void>
   <void method="put">
    <string>org.wso2.tcpmon.feature</string>
    <object class="java.util.ArrayList">
     <void method="add">
      <string>https://marketplace.eclipse.org#296419</string>
     </void>
    </object>
   </void>
   <void method="put">
    <string>org.eclipse.egit.mylyn</string>
    <object class="java.util.ArrayList">
     <void method="add">
      <string>https://marketplace.eclipse.org#1336</string>
     </void>
    </object>
   </void>
   <void method="put">
    <string>gitaddon.feature</string>
    <object class="java.util.ArrayList">
     <void method="add">
      <string>https://marketplace.eclipse.org#1076754</string>
     </void>
    </object>
   </void>
   <void method="put">
    <string>org.jkiss.dbeaver.net.sshj.feature</string>
    <object class="java.util.ArrayList">
     <void method="add">
      <string>https://marketplace.eclipse.org#507775</string>
     </void>
    </object>
   </void>
   <void method="put">
    <string>me.gladwell.eclipse.m2e.android.feature</string>
    <object class="java.util.ArrayList">
     <void method="add">
      <string>https://marketplace.eclipse.org#1171</string>
     </void>
    </object>
   </void>
   <void method="put">
    <string>org.jkiss.dbeaver.ide.feature</string>
    <object class="java.util.ArrayList">
     <void method="add">
      <string>https://marketplace.eclipse.org#507775</string>
     </void>
    </object>
   </void>
   <void method="put">
    <string>org.eclipse.embedcdt.packs</string>
    <object class="java.util.ArrayList">
     <void method="add">
      <string>https://marketplace.eclipse.org#2593184</string>
     </void>
    </object>
   </void>
   <void method="put">
    <string>org.freejava.javasourceattacher.feature</string>
    <object class="java.util.ArrayList">
     <void method="add">
      <string>https://marketplace.eclipse.org#84997</string>
     </void>
    </object>
   </void>
   <void method="put">
    <string>org.wso2.developerstudio.eclipse.jaggery.artifact.feature</string>
    <object class="java.util.ArrayList">
     <void method="add">
      <string>https://marketplace.eclipse.org#296419</string>
     </void>
    </object>
   </void>
   <void method="put">
    <string>net.sf.yari.feature</string>
    <object class="java.util.ArrayList">
     <void method="add">
      <string>https://marketplace.eclipse.org#901</string>
     </void>
    </object>
   </void>
   <void method="put">
    <string>org.jspresso.contrib.sjsplugin.translation.feature</string>
    <object class="java.util.ArrayList">
     <void method="add">
      <string>https://marketplace.eclipse.org#172832</string>
     </void>
    </object>
   </void>
   <void method="put">
    <string>org.eclipse.rcptt.updates</string>
    <object class="java.util.ArrayList">
     <void method="add">
      <string>https://marketplace.eclipse.org#2396798</string>
     </void>
    </object>
   </void>
   <void method="put">
    <string>org.eclipse.wst.xsl.feature</string>
    <object class="java.util.ArrayList">
     <void method="add">
      <string>https://marketplace.eclipse.org#2963400</string>
     </void>
    </object>
   </void>
   <void method="put">
    <string>com.ianbrandt.tools.m2e.mdp.feature</string>
    <object class="java.util.ArrayList">
     <void method="add">
      <string>https://marketplace.eclipse.org#1938363</string>
     </void>
    </object>
   </void>
   <void method="put">
    <string>org.wso2.developerstudio.eclipse.registry.feature</string>
    <object class="java.util.ArrayList">
     <void method="add">
      <string>https://marketplace.eclipse.org#296419</string>
     </void>
    </object>
   </void>
   <void method="put">
    <string>ContextQuickie</string>
    <object class="java.util.ArrayList">
     <void method="add">
      <string>https://marketplace.eclipse.org#2589579</string>
     </void>
    </object>
   </void>
   <void method="put">
    <string>de.jcup.jenkinseditor.feature</string>
    <object class="java.util.ArrayList">
     <void method="add">
      <string>https://marketplace.eclipse.org#3680354</string>
     </void>
    </object>
   </void>
   <void method="put">
    <string>org.wso2.developerstudio.eclipse.security.artifact.feature</string>
    <object class="java.util.ArrayList">
     <void method="add">
      <string>https://marketplace.eclipse.org#296419</string>
     </void>
    </object>
   </void>
   <void method="put">
    <string>org.wso2.developerstudio.eclipse.carbonserver.40.feature</string>
    <object class="java.util.ArrayList">
     <void method="add">
      <string>https://marketplace.eclipse.org#296419</string>
     </void>
    </object>
   </void>
   <void method="put">
    <string>org.moreunit.light</string>
    <object class="java.util.ArrayList">
     <void method="add">
      <string>https://marketplace.eclipse.org#194</string>
     </void>
    </object>
   </void>
   <void method="put">
    <string>org.wso2.developerstudio.eclipse.distribution.project.feature</string>
    <object class="java.util.ArrayList">
     <void method="add">
      <string>https://marketplace.eclipse.org#296419</string>
     </void>
    </object>
   </void>
   <void method="put">
    <string>org.wso2.developerstudio.eclipse.analytics.artifact.feature</string>
    <object class="java.util.ArrayList">
     <void method="add">
      <string>https://marketplace.eclipse.org#296419</string>
     </void>
    </object>
   </void>
   <void method="put">
    <string>org.eclipse.jgit</string>
    <object class="java.util.ArrayList">
     <void method="add">
      <string>https://marketplace.eclipse.org#1336</string>
     </void>
    </object>
   </void>
   <void method="put">
    <string>code.satyagraha.gfm.viewer.feature</string>
    <object class="java.util.ArrayList">
     <void method="add">
      <string>https://marketplace.eclipse.org#900708</string>
     </void>
    </object>
   </void>
   <void method="put">
    <string>org.jkiss.dbeaver.git.feature</string>
    <object class="java.util.ArrayList">
     <void method="add">
      <string>https://marketplace.eclipse.org#507775</string>
     </void>
     <void method="add">
      <string>https://marketplace.eclipse.org#4708777</string>
     </void>
    </object>
   </void>
   <void method="put">
    <string>org.wso2.developerstudio.eclipse.apim.feature</string>
    <object class="java.util.ArrayList">
     <void method="add">
      <string>https://marketplace.eclipse.org#296419</string>
     </void>
    </object>
   </void>
   <void method="put">
    <string>org.testng.eclipse</string>
    <object class="java.util.ArrayList">
     <void method="add">
      <string>https://marketplace.eclipse.org#1549</string>
     </void>
    </object>
   </void>
   <void method="put">
    <string>org.wso2.developerstudio.eclipse.registry.connector.feature</string>
    <object class="java.util.ArrayList">
     <void method="add">
      <string>https://marketplace.eclipse.org#296419</string>
     </void>
    </object>
   </void>
   <void method="put">
    <string>org.jkiss.dbeaver.debug.feature</string>
    <object class="java.util.ArrayList">
     <void method="add">
      <string>https://marketplace.eclipse.org#507775</string>
     </void>
    </object>
   </void>
   <void method="put">
    <string>bndtools.pde.feature</string>
    <object class="java.util.ArrayList">
     <void method="add">
      <string>https://marketplace.eclipse.org#1220</string>
     </void>
    </object>
   </void>
   <void method="put">
    <string>de.empri.devops.gitprivacy.feature.feature.group</string>
    <object class="java.util.ArrayList">
     <void method="add">
      <string>https://marketplace.eclipse.org#5163054</string>
     </void>
    </object>
   </void>
   <void method="put">
    <string>org.wso2.developerstudio.eclipse.carbonserver.44.feature</string>
    <object class="java.util.ArrayList">
     <void method="add">
      <string>https://marketplace.eclipse.org#296419</string>
     </void>
    </object>
   </void>
   <void method="put">
    <string>org.eclipse.embedcdt.templates.stm</string>
    <object class="java.util.ArrayList">
     <void method="add">
      <string>https://marketplace.eclipse.org#2593184</string>
     </void>
    </object>
   </void>
   <void method="put">
    <string>org.eclipse.egit.gitflow.feature</string>
    <object class="java.util.ArrayList">
     <void method="add">
      <string>https://marketplace.eclipse.org#2963400</string>
     </void>
     <void method="add">
      <string>https://marketplace.eclipse.org#1336</string>
     </void>
    </object>
   </void>
   <void method="put">
    <string>org.wso2.developerstudio.eclipse.appfactory.feature</string>
    <object class="java.util.ArrayList">
     <void method="add">
      <string>https://marketplace.eclipse.org#296419</string>
     </void>
    </object>
   </void>
   <void method="put">
    <string>com.microfocus.dimensions.feature</string>
    <object class="java.util.ArrayList">
     <void method="add">
      <string>https://marketplace.eclipse.org#5018981</string>
     </void>
    </object>
   </void>
   <void method="put">
    <string>org.eclipse.rcptt.launching</string>
    <object class="java.util.ArrayList">
     <void method="add">
      <string>https://marketplace.eclipse.org#2396798</string>
     </void>
    </object>
   </void>
   <void method="put">
    <string>org.wso2.developerstudio.eclipse.brs.artifact.feature</string>
    <object class="java.util.ArrayList">
     <void method="add">
      <string>https://marketplace.eclipse.org#296419</string>
     </void>
    </object>
   </void>
   <void method="put">
    <string>org.wso2.developerstudio.eclipse.carbonserver.32.feature</string>
    <object class="java.util.ArrayList">
     <void method="add">
      <string>https://marketplace.eclipse.org#296419</string>
     </void>
    </object>
   </void>
   <void method="put">
    <string>org.eclipse.m2e.logback.feature</string>
    <object class="java.util.ArrayList">
     <void method="add">
      <string>https://marketplace.eclipse.org#252</string>
     </void>
    </object>
   </void>
   <void method="put">
    <string>org.wso2.developerstudio.eclipse.carbonserver.remote.feature</string>
    <object class="java.util.ArrayList">
     <void method="add">
      <string>https://marketplace.eclipse.org#296419</string>
     </void>
    </object>
   </void>
   <void method="put">
    <string>org.eclipse.wst.xml_ui.feature</string>
    <object class="java.util.ArrayList">
     <void method="add">
      <string>https://marketplace.eclipse.org#2963400</string>
     </void>
    </object>
   </void>
   <void method="put">
    <string>com.codeaffine.extras.launch.feature</string>
    <object class="java.util.ArrayList">
     <void method="add">
      <string>https://marketplace.eclipse.org#2710118</string>
     </void>
    </object>
   </void>
   <void method="put">
    <string>org.eclipse.embedcdt.debug.gdbjtag.jlink</string>
    <object class="java.util.ArrayList">
     <void method="add">
      <string>https://marketplace.eclipse.org#2593184</string>
     </void>
    </object>
   </void>
   <void method="put">
    <string>org.agileware.natural.cucumber.feature</string>
    <object class="java.util.ArrayList">
     <void method="add">
      <string>https://marketplace.eclipse.org#2427135</string>
     </void>
    </object>
   </void>
   <void method="put">
    <string>no.javatime.inplace.runtime.source</string>
    <object class="java.util.ArrayList">
     <void method="add">
      <string>https://marketplace.eclipse.org#485277</string>
     </void>
    </object>
   </void>
   <void method="put">
    <string>org.wso2.developerstudio.eclipse.framework.samples.feature</string>
    <object class="java.util.ArrayList">
     <void method="add">
      <string>https://marketplace.eclipse.org#296419</string>
     </void>
    </object>
   </void>
   <void method="put">
    <string>org.eclipse.wst.web_js_support.feature</string>
    <object class="java.util.ArrayList">
     <void method="add">
      <string>https://marketplace.eclipse.org#2963400</string>
     </void>
    </object>
   </void>
   <void method="put">
    <string>org.wso2.developerstudio.eclipse.ds.feature</string>
    <object class="java.util.ArrayList">
     <void method="add">
      <string>https://marketplace.eclipse.org#296419</string>
     </void>
    </object>
   </void>
   <void method="put">
    <string>com.baloise.egitblit.feature</string>
    <object class="java.util.ArrayList">
     <void method="add">
      <string>https://marketplace.eclipse.org#1367148</string>
     </void>
    </object>
   </void>
   <void method="put">
    <string>org.moreunit</string>
    <object class="java.util.ArrayList">
     <void method="add">
      <string>https://marketplace.eclipse.org#194</string>
     </void>
    </object>
   </void>
   <void method="put">
    <string>org.wso2.developerstudio.eclipse.esb.artifact.feature</string>
    <object class="java.util.ArrayList">
     <void method="add">
      <string>https://marketplace.eclipse.org#296419</string>
     </void>
    </object>
   </void>
   <void method="put">
    <string>org.wso2.developerstudio.eclipse.gadget.artifact.feature</string>
    <object class="java.util.ArrayList">
     <void method="add">
      <string>https://marketplace.eclipse.org#296419</string>
     </void>
    </object>
   </void>
   <void method="put">
    <string>net.jeeeyul.pdetools.feature</string>
    <object class="java.util.ArrayList">
     <void method="add">
      <string>https://marketplace.eclipse.org#367947</string>
     </void>
    </object>
   </void>
   <void method="put">
    <string>com.reprezen.swagedit.feature</string>
    <object class="java.util.ArrayList">
     <void method="add">
      <string>https://marketplace.eclipse.org#3429028</string>
     </void>
    </object>
   </void>
   <void method="put">
    <string>com.github.spotbugs.plugin.eclipse</string>
    <object class="java.util.ArrayList">
     <void method="add">
      <string>https://marketplace.eclipse.org#3519199</string>
     </void>
    </object>
   </void>
   <void method="put">
    <string>org.eclipse.wst.json_ui.feature</string>
    <object class="java.util.ArrayList">
     <void method="add">
      <string>https://marketplace.eclipse.org#2963400</string>
     </void>
    </object>
   </void>
   <void method="put">
    <string>org.eclipse.rcptt.ecl.ide</string>
    <object class="java.util.ArrayList">
     <void method="add">
      <string>https://marketplace.eclipse.org#2396798</string>
     </void>
    </object>
   </void>
   <void method="put">
    <string>no.javatime.inplace.runtime</string>
    <object class="java.util.ArrayList">
     <void method="add">
      <string>https://marketplace.eclipse.org#485277</string>
     </void>
    </object>
   </void>
   <void method="put">
    <string>com.bisguard.java.antidecompiler.feature</string>
    <object class="java.util.ArrayList">
     <void method="add">
      <string>https://marketplace.eclipse.org#536829</string>
     </void>
    </object>
   </void>
   <void method="put">
    <string>org.eclipse.m2e.feature</string>
    <object class="java.util.ArrayList">
     <void method="add">
      <string>https://marketplace.eclipse.org#252</string>
     </void>
     <void method="add">
      <string>https://marketplace.eclipse.org#1774116</string>
     </void>
     <void method="add">
      <string>https://marketplace.eclipse.org#5321178</string>
     </void>
    </object>
   </void>
   <void method="put">
    <string>org.eclipse.mylyn.hudson</string>
    <object class="java.util.ArrayList">
     <void method="add">
      <string>https://marketplace.eclipse.org#1274403</string>
     </void>
    </object>
   </void>
   <void method="put">
    <string>org.eclipse.epp.mpc</string>
    <object class="java.util.ArrayList">
     <void method="add">
      <string>https://marketplace.eclipse.org#4123770</string>
     </void>
    </object>
   </void>
   <void method="put">
    <string>org.eclipse.papyrus.sysml16.feature</string>
    <object class="java.util.ArrayList">
     <void method="add">
      <string>https://marketplace.eclipse.org#4704092</string>
     </void>
    </object>
   </void>
   <void method="put">
    <string>org.eclipse.rcptt.ecl.server</string>
    <object class="java.util.ArrayList">
     <void method="add">
      <string>https://marketplace.eclipse.org#2396798</string>
     </void>
    </object>
   </void>
   <void method="put">
    <string>com.essiembre.eclipse.rbe</string>
    <object class="java.util.ArrayList">
     <void method="add">
      <string>https://marketplace.eclipse.org#2628188</string>
     </void>
    </object>
   </void>
   <void method="put">
    <string>org.eclipse.rcptt.module.nebula</string>
    <object class="java.util.ArrayList">
     <void method="add">
      <string>https://marketplace.eclipse.org#2396798</string>
     </void>
    </object>
   </void>
   <void method="put">
    <string>org.eclipse.wst.server_adapters.feature</string>
    <object class="java.util.ArrayList">
     <void method="add">
      <string>https://marketplace.eclipse.org#2963400</string>
     </void>
    </object>
   </void>
   <void method="put">
    <string>org.adichatz.feature</string>
    <object class="java.util.ArrayList">
     <void method="add">
      <string>https://marketplace.eclipse.org#941</string>
     </void>
    </object>
   </void>
   <void method="put">
    <string>org.eclipse.rcptt.platform</string>
    <object class="java.util.ArrayList">
     <void method="add">
      <string>https://marketplace.eclipse.org#2396798</string>
     </void>
    </object>
   </void>
   <void method="put">
    <string>org.jboss.ide.eclipse.freemarker.feature</string>
    <object class="java.util.ArrayList">
     <void method="add">
      <string>https://marketplace.eclipse.org#4770582</string>
     </void>
    </object>
   </void>
   <void method="put">
    <string>org.smooks.edi.editor-feature</string>
    <object class="java.util.ArrayList">
     <void method="add">
      <string>https://marketplace.eclipse.org#296419</string>
     </void>
    </object>
   </void>
   <void method="put">
    <string>org.jkiss.dbeaver.ext.ui.svg.feature</string>
    <object class="java.util.ArrayList">
     <void method="add">
      <string>https://marketplace.eclipse.org#507775</string>
     </void>
    </object>
   </void>
   <void method="put">
    <string>bndtools.main.feature</string>
    <object class="java.util.ArrayList">
     <void method="add">
      <string>https://marketplace.eclipse.org#1220</string>
     </void>
    </object>
   </void>
   <void method="put">
    <string>org.eclipse.jgit.ssh.apache</string>
    <object class="java.util.ArrayList">
     <void method="add">
      <string>https://marketplace.eclipse.org#1336</string>
     </void>
    </object>
   </void>
   <void method="put">
    <string>cucumber.eclipse.feature</string>
    <object class="java.util.ArrayList">
     <void method="add">
      <string>https://marketplace.eclipse.org#3759385</string>
     </void>
    </object>
   </void>
   <void method="put">
    <string>com.levigo.m2e.gwt.feature</string>
    <object class="java.util.ArrayList">
     <void method="add">
      <string>https://marketplace.eclipse.org#209975</string>
     </void>
    </object>
   </void>
   <void method="put">
    <string>org.jkiss.dbeaver.ext.office.feature</string>
    <object class="java.util.ArrayList">
     <void method="add">
      <string>https://marketplace.eclipse.org#507775</string>
     </void>
    </object>
   </void>
   <void method="put">
    <string>org.wso2.developerstudio.eclipse.capp.framework.feature</string>
    <object class="java.util.ArrayList">
     <void method="add">
      <string>https://marketplace.eclipse.org#296419</string>
     </void>
    </object>
   </void>
   <void method="put">
    <string>org.wso2.developerstudio.eclipse.ds.artifact.feature</string>
    <object class="java.util.ArrayList">
     <void method="add">
      <string>https://marketplace.eclipse.org#296419</string>
     </void>
    </object>
   </void>
   <void method="put">
    <string>bndtools.m2e.feature</string>
    <object class="java.util.ArrayList">
     <void method="add">
      <string>https://marketplace.eclipse.org#1220</string>
     </void>
    </object>
   </void>
   <void method="put">
    <string>com.salesforce.bazel.eclipse.feature</string>
    <object class="java.util.ArrayList">
     <void method="add">
      <string>https://marketplace.eclipse.org#5403450</string>
     </void>
    </object>
   </void>
   <void method="put">
    <string>com.codeaffine.extras.imageviewer.feature</string>
    <object class="java.util.ArrayList">
     <void method="add">
      <string>https://marketplace.eclipse.org#2710118</string>
     </void>
    </object>
   </void>
   <void method="put">
    <string>wai</string>
    <object class="java.util.ArrayList">
     <void method="add">
      <string>https://marketplace.eclipse.org#5460189</string>
     </void>
    </object>
   </void>
   <void method="put">
    <string>org.wso2.developerstudio.eclipse.carbonserver.42.feature</string>
    <object class="java.util.ArrayList">
     <void method="add">
      <string>https://marketplace.eclipse.org#296419</string>
     </void>
    </object>
   </void>
   <void method="put">
    <string>org.eclipse.tips.feature</string>
    <object class="java.util.ArrayList">
     <void method="add">
      <string>https://marketplace.eclipse.org#2963400</string>
     </void>
    </object>
   </void>
   <void method="put">
    <string>org.wso2.developerstudio.eclipse.gs.jaggery.feature</string>
    <object class="java.util.ArrayList">
     <void method="add">
      <string>https://marketplace.eclipse.org#296419</string>
     </void>
    </object>
   </void>
   <void method="put">
    <string>com.aptana.feature.studio</string>
    <object class="java.util.ArrayList">
     <void method="add">
      <string>https://marketplace.eclipse.org#2832068</string>
     </void>
    </object>
   </void>
   <void method="put">
    <string>org.eclipse.tm.terminal.feature</string>
    <object class="java.util.ArrayList">
     <void method="add">
      <string>https://marketplace.eclipse.org#2963400</string>
     </void>
    </object>
   </void>
   <void method="put">
    <string>org.eclipse.wst.server_ui.feature</string>
    <object class="java.util.ArrayList">
     <void method="add">
      <string>https://marketplace.eclipse.org#2963400</string>
     </void>
    </object>
   </void>
   <void method="put">
    <string>com.codeaffine.extras.workingset.feature</string>
    <object class="java.util.ArrayList">
     <void method="add">
      <string>https://marketplace.eclipse.org#2710118</string>
     </void>
    </object>
   </void>
   <void method="put">
    <string>org.eclipse.rcptt.tesla</string>
    <object class="java.util.ArrayList">
     <void method="add">
      <string>https://marketplace.eclipse.org#2396798</string>
     </void>
    </object>
   </void>
   <void method="put">
    <string>org.wso2.developerstudio.eclipse.carbonserver.30.feature</string>
    <object class="java.util.ArrayList">
     <void method="add">
      <string>https://marketplace.eclipse.org#296419</string>
     </void>
    </object>
   </void>
   <void method="put">
    <string>org.wso2.developerstudio.eclipse.appserver.feature</string>
    <object class="java.util.ArrayList">
     <void method="add">
      <string>https://marketplace.eclipse.org#296419</string>
     </void>
    </object>
   </void>
   <void method="put">
    <string>org.wso2.developerstudio.eclipse.usermgt.core.feature</string>
    <object class="java.util.ArrayList">
     <void method="add">
      <string>https://marketplace.eclipse.org#296419</string>
     </void>
    </object>
   </void>
   <void method="put">
    <string>org.moreunit.mock</string>
    <object class="java.util.ArrayList">
     <void method="add">
      <string>https://marketplace.eclipse.org#194</string>
     </void>
    </object>
   </void>
   <void method="put">
    <string>net.jeeeyul.swtend.feature</string>
    <object class="java.util.ArrayList">
     <void method="add">
      <string>https://marketplace.eclipse.org#367947</string>
     </void>
    </object>
   </void>
   <void method="put">
    <string>org.eclipse.embedcdt.debug.gdbjtag.openocd</string>
    <object class="java.util.ArrayList">
     <void method="add">
      <string>https://marketplace.eclipse.org#2593184</string>
     </void>
    </object>
   </void>
   <void method="put">
    <string>org.eclipse.embedcdt.templates.ad</string>
    <object class="java.util.ArrayList">
     <void method="add">
      <string>https://marketplace.eclipse.org#2593184</string>
     </void>
    </object>
   </void>
   <void method="put">
    <string>dev.jbang.eclipse.feature</string>
    <object class="java.util.ArrayList">
     <void method="add">
      <string>https://marketplace.eclipse.org#5391163</string>
     </void>
    </object>
   </void>
   <void method="put">
    <string>org.eclipse.embedcdt.managedbuild.cross.arm</string>
    <object class="java.util.ArrayList">
     <void method="add">
      <string>https://marketplace.eclipse.org#2593184</string>
     </void>
    </object>
   </void>
   <void method="put">
    <string>org.nodeclipse.pluginslist.feature</string>
    <object class="java.util.ArrayList">
     <void method="add">
      <string>https://marketplace.eclipse.org#1076754</string>
     </void>
    </object>
   </void>
  </void>
  <void property="nodeKeyToIU">
   <void method="put">
    <string>https://marketplace.eclipse.org#2427135</string>
    <object class="java.util.ArrayList">
     <void method="add">
      <string>org.agileware.natural.cucumber.feature</string>
     </void>
     <void method="add">
      <string>org.agileware.natural.jbehave.feature</string>
     </void>
    </object>
   </void>
   <void method="put">
    <string>https://marketplace.eclipse.org#252</string>
    <object class="java.util.ArrayList">
     <void method="add">
      <string>org.eclipse.m2e.feature</string>
     </void>
     <void method="add">
      <string>org.eclipse.m2e.logback.feature</string>
     </void>
    </object>
   </void>
   <void method="put">
    <string>https://marketplace.eclipse.org#1052413</string>
    <object class="java.util.ArrayList">
     <void method="add">
      <string>net.sourceforge.jbizmo.feature</string>
     </void>
    </object>
   </void>
   <void method="put">
    <string>https://marketplace.eclipse.org#5277018</string>
    <object class="java.util.ArrayList">
     <void method="add">
      <string>com.aspose.barcode.java.maven</string>
     </void>
    </object>
   </void>
   <void method="put">
    <string>https://marketplace.eclipse.org#3680354</string>
    <object class="java.util.ArrayList">
     <void method="add">
      <string>de.jcup.jenkinseditor.feature</string>
     </void>
    </object>
   </void>
   <void method="put">
    <string>https://marketplace.eclipse.org#536829</string>
    <object class="java.util.ArrayList">
     <void method="add">
      <string>com.bisguard.java.antidecompiler.feature</string>
     </void>
    </object>
   </void>
   <void method="put">
    <string>https://marketplace.eclipse.org#367947</string>
    <object class="java.util.ArrayList">
     <void method="add">
      <string>net.jeeeyul.pdetools.feature</string>
     </void>
     <void method="add">
      <string>net.jeeeyul.swtend.feature</string>
     </void>
    </object>
   </void>
   <void method="put">
    <string>https://marketplace.eclipse.org#5391163</string>
    <object class="java.util.ArrayList">
     <void method="add">
      <string>dev.jbang.eclipse.feature</string>
     </void>
    </object>
   </void>
   <void method="put">
    <string>https://marketplace.eclipse.org#1124</string>
    <object class="java.util.ArrayList">
     <void method="add">
      <string>org.infinitest.eclipse.feature</string>
     </void>
    </object>
   </void>
   <void method="put">
    <string>https://marketplace.eclipse.org#2439683</string>
    <object class="java.util.ArrayList">
     <void method="add">
      <string>com.netcetera.trema.eclipse.feature.feature.group</string>
     </void>
    </object>
   </void>
   <void method="put">
    <string>https://marketplace.eclipse.org#485277</string>
    <object class="java.util.ArrayList">
     <void method="add">
      <string>no.javatime.inplace.runtime</string>
     </void>
     <void method="add">
      <string>no.javatime.inplace.runtime.source</string>
     </void>
    </object>
   </void>
   <void method="put">
    <string>https://marketplace.eclipse.org#2341029</string>
    <object class="java.util.ArrayList">
     <void method="add">
      <string>com.laboki.eclipse.feature.smartclose</string>
     </void>
    </object>
   </void>
   <void method="put">
    <string>https://marketplace.eclipse.org#1286316</string>
    <object class="java.util.ArrayList">
     <void method="add">
      <string>org.jboss.tools.maven.profiles.feature</string>
     </void>
    </object>
   </void>
   <void method="put">
    <string>https://marketplace.eclipse.org#1787137</string>
    <object class="java.util.ArrayList">
     <void method="add">
      <string>ntut.csie.robusta</string>
     </void>
    </object>
   </void>
   <void method="put">
    <string>https://marketplace.eclipse.org#5460189</string>
    <object class="java.util.ArrayList">
     <void method="add">
      <string>wai</string>
     </void>
    </object>
   </void>
   <void method="put">
    <string>https://marketplace.eclipse.org#5163054</string>
    <object class="java.util.ArrayList">
     <void method="add">
      <string>de.empri.devops.gitprivacy.feature.feature.group</string>
     </void>
    </object>
   </void>
   <void method="put">
    <string>https://marketplace.eclipse.org#2832068</string>
    <object class="java.util.ArrayList">
     <void method="add">
      <string>com.aptana.feature</string>
     </void>
     <void method="add">
      <string>com.aptana.feature.studio</string>
     </void>
    </object>
   </void>
   <void method="put">
    <string>https://marketplace.eclipse.org#296419</string>
    <object class="java.util.ArrayList">
     <void method="add">
      <string>org.wso2.developerstudio.eclipse.appfactory.feature</string>
     </void>
     <void method="add">
      <string>org.wso2.developerstudio.eclipse.appserver.artifact.feature</string>
     </void>
     <void method="add">
      <string>org.wso2.developerstudio.eclipse.appserver.feature</string>
     </void>
     <void method="add">
      <string>org.wso2.developerstudio.eclipse.artifact.library.feature</string>
     </void>
     <void method="add">
      <string>org.wso2.developerstudio.eclipse.bpel.feature</string>
     </void>
     <void method="add">
      <string>org.wso2.developerstudio.eclipse.bpel.artifact.feature</string>
     </void>
     <void method="add">
      <string>org.wso2.developerstudio.eclipse.brs.artifact.feature</string>
     </void>
     <void method="add">
      <string>org.wso2.developerstudio.eclipse.capp.framework.feature</string>
     </void>
     <void method="add">
      <string>org.wso2.developerstudio.eclipse.carbon.uibundle.artifact.feature</string>
     </void>
     <void method="add">
      <string>org.wso2.developerstudio.eclipse.carbonserver.30.feature</string>
     </void>
     <void method="add">
      <string>org.wso2.developerstudio.eclipse.carbonserver.31.feature</string>
     </void>
     <void method="add">
      <string>org.wso2.developerstudio.eclipse.carbonserver.32.feature</string>
     </void>
     <void method="add">
      <string>org.wso2.developerstudio.eclipse.carbonserver.40.feature</string>
     </void>
     <void method="add">
      <string>org.wso2.developerstudio.eclipse.carbonserver.42.feature</string>
     </void>
     <void method="add">
      <string>org.wso2.developerstudio.eclipse.carbonserver.44.feature</string>
     </void>
     <void method="add">
      <string>org.wso2.developerstudio.eclipse.carbonserver.remote.feature</string>
     </void>
     <void method="add">
      <string>org.wso2.developerstudio.eclipse.distribution.project.feature</string>
     </void>
     <void method="add">
      <string>org.wso2.developerstudio.eclipse.ds.artifact.feature</string>
     </void>
     <void method="add">
      <string>org.wso2.developerstudio.eclipse.ds.feature</string>
     </void>
     <void method="add">
      <string>org.wso2.developerstudio.eclipse.esb.artifact.feature</string>
     </void>
     <void method="add">
      <string>org.wso2.developerstudio.eclipse.esb.graphical.editor.feature</string>
     </void>
     <void method="add">
      <string>org.wso2.developerstudio.eclipse.framework.core.feature</string>
     </void>
     <void method="add">
      <string>org.wso2.developerstudio.eclipse.framework.samples.feature</string>
     </void>
     <void method="add">
      <string>org.wso2.developerstudio.eclipse.gadget.artifact.feature</string>
     </void>
     <void method="add">
      <string>org.wso2.developerstudio.eclipse.gs.jaggery.feature</string>
     </void>
     <void method="add">
      <string>org.wso2.developerstudio.eclipse.jaggery.artifact.feature</string>
     </void>
     <void method="add">
      <string>org.wso2.developerstudio.eclipse.security.artifact.feature</string>
     </void>
     <void method="add">
      <string>org.wso2.developerstudio.eclipse.registry.artifact.feature</string>
     </void>
     <void method="add">
      <string>org.wso2.developerstudio.eclipse.registry.connector.feature</string>
     </void>
     <void method="add">
      <string>org.wso2.developerstudio.eclipse.registry.feature</string>
     </void>
     <void method="add">
      <string>org.wso2.developerstudio.eclipse.server.framework.feature</string>
     </void>
     <void method="add">
      <string>org.wso2.developerstudio.eclipse.usermgt.core.feature</string>
     </void>
     <void method="add">
      <string>org.jboss.tools.smooks.feature</string>
     </void>
     <void method="add">
      <string>org.smooks.edi.editor-feature</string>
     </void>
     <void method="add">
      <string>org.wso2.soapui.feature</string>
     </void>
     <void method="add">
      <string>org.wso2.tcpmon.feature</string>
     </void>
     <void method="add">
      <string>org.wso2.developerstudio.eclipse.analytics.artifact.feature</string>
     </void>
     <void method="add">
      <string>org.wso2.developerstudio.eclipse.apim.feature</string>
     </void>
    </object>
   </void>
   <void method="put">
    <string>https://marketplace.eclipse.org#2396798</string>
    <object class="java.util.ArrayList">
     <void method="add">
      <string>org.eclipse.rcptt.platform</string>
     </void>
     <void method="add">
      <string>org.eclipse.rcptt.core</string>
     </void>
     <void method="add">
      <string>org.eclipse.rcptt.launching</string>
     </void>
     <void method="add">
      <string>org.eclipse.rcptt.updates</string>
     </void>
     <void method="add">
      <string>org.eclipse.rcptt.ecl.server</string>
     </void>
     <void method="add">
      <string>org.eclipse.rcptt.tesla.ecl</string>
     </void>
     <void method="add">
      <string>org.eclipse.rcptt.ecl.core</string>
     </void>
     <void method="add">
      <string>org.eclipse.rcptt.ecl.ide</string>
     </void>
     <void method="add">
      <string>org.eclipse.rcptt.ecl.platform</string>
     </void>
     <void method="add">
      <string>org.eclipse.rcptt.ecl.platform.ui</string>
     </void>
     <void method="add">
      <string>org.eclipse.rcptt.tesla</string>
     </void>
     <void method="add">
      <string>org.eclipse.rcptt.watson</string>
     </void>
     <void method="add">
      <string>org.eclipse.rcptt.module.nebula</string>
     </void>
    </object>
   </void>
   <void method="put">
    <string>https://marketplace.eclipse.org#900708</string>
    <object class="java.util.ArrayList">
     <void method="add">
      <string>code.satyagraha.gfm.viewer.feature</string>
     </void>
    </object>
   </void>
   <void method="put">
    <string>https://marketplace.eclipse.org#4704092</string>
    <object class="java.util.ArrayList">
     <void method="add">
      <string>org.eclipse.papyrus.sysml16.feature</string>
     </void>
    </object>
   </void>
   <void method="put">
    <string>https://marketplace.eclipse.org#1936167</string>
    <object class="java.util.ArrayList">
     <void method="add">
      <string>com.coderplus.m2e.remoteresourcesfeature</string>
     </void>
    </object>
   </void>
   <void method="put">
    <string>https://marketplace.eclipse.org#1549</string>
    <object class="java.util.ArrayList">
     <void method="add">
      <string>org.testng.eclipse</string>
     </void>
     <void method="add">
      <string>org.testng.eclipse.maven.feature</string>
     </void>
    </object>
   </void>
   <void method="put">
    <string>https://marketplace.eclipse.org#5018981</string>
    <object class="java.util.ArrayList">
     <void method="add">
      <string>com.microfocus.dimensions.feature</string>
     </void>
    </object>
   </void>
   <void method="put">
    <string>https://marketplace.eclipse.org#4708777</string>
    <object class="java.util.ArrayList">
     <void method="add">
      <string>org.jkiss.dbeaver.git.feature</string>
     </void>
    </object>
   </void>
   <void method="put">
    <string>https://marketplace.eclipse.org#84997</string>
    <object class="java.util.ArrayList">
     <void method="add">
      <string>org.freejava.javasourceattacher.feature</string>
     </void>
    </object>
   </void>
   <void method="put">
    <string>https://marketplace.eclipse.org#209975</string>
    <object class="java.util.ArrayList">
     <void method="add">
      <string>com.levigo.m2e.gwt.feature</string>
     </void>
    </object>
   </void>
   <void method="put">
    <string>https://marketplace.eclipse.org#4770582</string>
    <object class="java.util.ArrayList">
     <void method="add">
      <string>org.jboss.ide.eclipse.freemarker.feature</string>
     </void>
    </object>
   </void>
   <void method="put">
    <string>https://marketplace.eclipse.org#2710118</string>
    <object class="java.util.ArrayList">
     <void method="add">
      <string>com.codeaffine.extras.ide.feature</string>
     </void>
     <void method="add">
      <string>com.codeaffine.extras.jdt.feature</string>
     </void>
     <void method="add">
      <string>com.codeaffine.extras.launch.feature</string>
     </void>
     <void method="add">
      <string>com.codeaffine.extras.workingset.feature</string>
     </void>
     <void method="add">
      <string>com.codeaffine.extras.imageviewer.feature</string>
     </void>
    </object>
   </void>
   <void method="put">
    <string>https://marketplace.eclipse.org#194</string>
    <object class="java.util.ArrayList">
     <void method="add">
      <string>org.moreunit</string>
     </void>
     <void method="add">
      <string>org.moreunit.mock</string>
     </void>
     <void method="add">
      <string>org.moreunit.light</string>
     </void>
    </object>
   </void>
   <void method="put">
    <string>https://marketplace.eclipse.org#4556629</string>
    <object class="java.util.ArrayList">
     <void method="add">
      <string>com.remainsoftware.oas3.feature</string>
     </void>
    </object>
   </void>
   <void method="put">
    <string>https://marketplace.eclipse.org#1774116</string>
    <object class="java.util.ArrayList">
     <void method="add">
      <string>org.eclipse.m2e.feature</string>
     </void>
    </object>
   </void>
   <void method="put">
    <string>https://marketplace.eclipse.org#3429028</string>
    <object class="java.util.ArrayList">
     <void method="add">
      <string>com.reprezen.swagedit.feature</string>
     </void>
    </object>
   </void>
   <void method="put">
    <string>https://marketplace.eclipse.org#3519199</string>
    <object class="java.util.ArrayList">
     <void method="add">
      <string>com.github.spotbugs.plugin.eclipse</string>
     </void>
    </object>
   </void>
   <void method="put">
    <string>https://marketplace.eclipse.org#2963400</string>
    <object class="java.util.ArrayList">
     <void method="add">
      <string>org.eclipse.wst.web_ui.feature</string>
     </void>
     <void method="add">
      <string>org.eclipse.wst.web_js_support.feature</string>
     </void>
     <void method="add">
      <string>org.eclipse.wst.xml_ui.feature</string>
     </void>
     <void method="add">
      <string>org.eclipse.wst.xsl.feature</string>
     </void>
     <void method="add">
      <string>org.eclipse.wildwebdeveloper.feature</string>
     </void>
     <void method="add">
      <string>org.eclipse.wildwebdeveloper.embedder.node.feature</string>
     </void>
     <void method="add">
      <string>org.eclipse.wst.server_ui.feature</string>
     </void>
     <void method="add">
      <string>org.eclipse.wst.server_adapters.feature</string>
     </void>
     <void method="add">
      <string>org.eclipse.tm.terminal.feature</string>
     </void>
     <void method="add">
      <string>org.eclipse.tips.feature</string>
     </void>
     <void method="add">
      <string>org.eclipse.egit</string>
     </void>
     <void method="add">
      <string>org.eclipse.wst.json_ui.feature</string>
     </void>
     <void method="add">
      <string>org.eclipse.egit.gitflow.feature</string>
     </void>
    </object>
   </void>
   <void method="put">
    <string>https://marketplace.eclipse.org#2628188</string>
    <object class="java.util.ArrayList">
     <void method="add">
      <string>com.essiembre.eclipse.rbe</string>
     </void>
    </object>
   </void>
   <void method="put">
    <string>https://marketplace.eclipse.org#3759385</string>
    <object class="java.util.ArrayList">
     <void method="add">
      <string>cucumber.eclipse.feature</string>
     </void>
    </object>
   </void>
   <void method="put">
    <string>https://marketplace.eclipse.org#901</string>
    <object class="java.util.ArrayList">
     <void method="add">
      <string>net.sf.yari.feature</string>
     </void>
    </object>
   </void>
   <void method="put">
    <string>https://marketplace.eclipse.org#1220</string>
    <object class="java.util.ArrayList">
     <void method="add">
      <string>bndtools.main.feature</string>
     </void>
     <void method="add">
      <string>bndtools.m2e.feature</string>
     </void>
     <void method="add">
      <string>bndtools.pde.feature</string>
     </void>
    </object>
   </void>
   <void method="put">
    <string>https://marketplace.eclipse.org#2589579</string>
    <object class="java.util.ArrayList">
     <void method="add">
      <string>ContextQuickie</string>
     </void>
    </object>
   </void>
   <void method="put">
    <string>https://marketplace.eclipse.org#1076754</string>
    <object class="java.util.ArrayList">
     <void method="add">
      <string>gitaddon.feature</string>
     </void>
     <void method="add">
      <string>org.nodeclipse.pluginslist.feature</string>
     </void>
    </object>
   </void>
   <void method="put">
    <string>https://marketplace.eclipse.org#1367148</string>
    <object class="java.util.ArrayList">
     <void method="add">
      <string>com.baloise.egitblit.feature</string>
     </void>
    </object>
   </void>
   <void method="put">
    <string>https://marketplace.eclipse.org#1767590</string>
    <object class="java.util.ArrayList">
     <void method="add">
      <string>org.eclipse.emf.ecp.emfforms.sdk.feature</string>
     </void>
    </object>
   </void>
   <void method="put">
    <string>https://marketplace.eclipse.org#1274403</string>
    <object class="java.util.ArrayList">
     <void method="add">
      <string>org.eclipse.mylyn.hudson</string>
     </void>
    </object>
   </void>
   <void method="put">
    <string>https://marketplace.eclipse.org#3629791</string>
    <object class="java.util.ArrayList">
     <void method="add">
      <string>com.abapci.feature</string>
     </void>
    </object>
   </void>
   <void method="put">
    <string>https://marketplace.eclipse.org#941</string>
    <object class="java.util.ArrayList">
     <void method="add">
      <string>org.adichatz.feature</string>
     </void>
    </object>
   </void>
   <void method="put">
    <string>https://marketplace.eclipse.org#5321178</string>
    <object class="java.util.ArrayList">
     <void method="add">
      <string>org.eclipse.m2e.feature</string>
     </void>
    </object>
   </void>
   <void method="put">
    <string>https://marketplace.eclipse.org#1938363</string>
    <object class="java.util.ArrayList">
     <void method="add">
      <string>com.ianbrandt.tools.m2e.mdp.feature</string>
     </void>
    </object>
   </void>
   <void method="put">
    <string>https://marketplace.eclipse.org#218789</string>
    <object class="java.util.ArrayList">
     <void method="add">
      <string>com.carrotgarden.m2e.scr.feature.feature.group</string>
     </void>
    </object>
   </void>
   <void method="put">
    <string>https://marketplace.eclipse.org#2593184</string>
    <object class="java.util.ArrayList">
     <void method="add">
      <string>org.eclipse.embedcdt.managedbuild.cross.arm</string>
     </void>
     <void method="add">
      <string>org.eclipse.embedcdt.managedbuild.cross.riscv</string>
     </void>
     <void method="add">
      <string>org.eclipse.embedcdt.codered</string>
     </void>
     <void method="add">
      <string>org.eclipse.embedcdt.debug.gdbjtag.jlink</string>
     </void>
     <void method="add">
      <string>org.eclipse.embedcdt.debug.gdbjtag.openocd</string>
     </void>
     <void method="add">
      <string>org.eclipse.embedcdt.debug.gdbjtag.pyocd</string>
     </void>
     <void method="add">
      <string>org.eclipse.embedcdt.debug.gdbjtag.qemu</string>
     </void>
     <void method="add">
      <string>org.eclipse.embedcdt.templates.stm</string>
     </void>
     <void method="add">
      <string>org.eclipse.embedcdt.templates.sifive</string>
     </void>
     <void method="add">
      <string>org.eclipse.embedcdt.templates.ad</string>
     </void>
     <void method="add">
      <string>org.eclipse.embedcdt.packs</string>
     </void>
     <void method="add">
      <string>org.eclipse.embedcdt.templates.cortexm</string>
     </void>
    </object>
   </void>
   <void method="put">
    <string>https://marketplace.eclipse.org#1336</string>
    <object class="java.util.ArrayList">
     <void method="add">
      <string>org.eclipse.egit</string>
     </void>
     <void method="add">
      <string>org.eclipse.jgit</string>
     </void>
     <void method="add">
      <string>org.eclipse.jgit.ssh.apache</string>
     </void>
     <void method="add">
      <string>org.eclipse.egit.mylyn</string>
     </void>
     <void method="add">
      <string>org.eclipse.egit.gitflow.feature</string>
     </void>
     <void method="add">
      <string>org.eclipse.jgit.lfs</string>
     </void>
     <void method="add">
      <string>org.eclipse.jgit.gpg.bc</string>
     </void>
    </object>
   </void>
   <void method="put">
    <string>https://marketplace.eclipse.org#1965968</string>
    <object class="java.util.ArrayList">
     <void method="add">
      <string>com.coderplus.m2e.jaxws</string>
     </void>
    </object>
   </void>
   <void method="put">
    <string>https://marketplace.eclipse.org#172832</string>
    <object class="java.util.ArrayList">
     <void method="add">
      <string>org.jspresso.contrib.sjsplugin.translation.feature</string>
     </void>
    </object>
   </void>
   <void method="put">
    <string>https://marketplace.eclipse.org#4123770</string>
    <object class="java.util.ArrayList">
     <void method="add">
      <string>org.eclipse.epp.mpc</string>
     </void>
    </object>
   </void>
   <void method="put">
    <string>https://marketplace.eclipse.org#507775</string>
    <object class="java.util.ArrayList">
     <void method="add">
      <string>org.jkiss.dbeaver.ide.feature</string>
     </void>
     <void method="add">
      <string>org.jkiss.dbeaver.ext.office.feature</string>
     </void>
     <void method="add">
      <string>org.jkiss.dbeaver.git.feature</string>
     </void>
     <void method="add">
      <string>org.jkiss.dbeaver.debug.feature</string>
     </void>
     <void method="add">
      <string>org.jkiss.dbeaver.net.sshj.feature</string>
     </void>
     <void method="add">
      <string>org.jkiss.dbeaver.ext.ui.svg.feature</string>
     </void>
    </object>
   </void>
   <void method="put">
    <string>https://marketplace.eclipse.org#1953702</string>
    <object class="java.util.ArrayList">
     <void method="add">
      <string>com.coderplus.m2e.yuicompressorfeature</string>
     </void>
    </object>
   </void>
   <void method="put">
    <string>https://marketplace.eclipse.org#1171</string>
    <object class="java.util.ArrayList">
     <void method="add">
      <string>me.gladwell.eclipse.m2e.android.feature</string>
     </void>
     <void method="add">
      <string>com.android.ide.eclipse.adt</string>
     </void>
    </object>
   </void>
   <void method="put">
    <string>https://marketplace.eclipse.org#5403450</string>
    <object class="java.util.ArrayList">
     <void method="add">
      <string>com.salesforce.bazel.eclipse.feature</string>
     </void>
    </object>
   </void>
  </void>
 </object>
</java>
