<?xml version="1.0" encoding="UTF-8"?>
<feature
      id="org.eclipse.jpt.jaxb.eclipselink.feature"
      label="%featureName"
      version="1.4.200.v201603180253"
      provider-name="%providerName"
      plugin="org.eclipse.jpt.jaxb.eclipselink.branding">

   <description>
      %description
   </description>

   <copyright>
      %copyright
   </copyright>

   <license url="license.html">
      %license
   </license>

   <requires>
      <import feature="org.eclipse.jpt.jaxb.feature" version="1.2.0"/>
      <import feature="org.eclipse.jpt.common.eclipselink.feature" version="1.2.0"/>
   </requires>

   <plugin
         id="org.eclipse.persistence.moxy"
         download-size="497"
         install-size="1238"
         version="2.6.0.v20130815-a4708b6"
         unpack="false"/>

   <plugin
         id="org.eclipse.jpt.jaxb.eclipselink.core"
         download-size="508"
         install-size="1256"
         version="1.3.200.v201603180253"
         unpack="false"/>

   <plugin
         id="org.eclipse.jpt.jaxb.eclipselink.ui"
         download-size="68"
         install-size="147"
         version="1.4.200.v201603180253"
         unpack="false"/>

   <plugin
         id="org.eclipse.jpt.jaxb.eclipselink.core.schemagen"
         download-size="20"
         install-size="31"
         version="1.2.200.v201603180253"
         unpack="false"/>

   <plugin
         id="org.eclipse.jpt.jaxb.eclipselink.branding"
         download-size="16"
         install-size="20"
         version="1.4.100.v201309202144"
         unpack="false"/>

</feature>
