<?xml version='1.0' encoding='UTF-8'?>
<?artifactRepository version='1.1.0'?>
<repository name='A:\Softwares\eclipse\dropins\.eclipseextension' type='org.eclipse.equinox.p2.artifact.repository.simpleRepository' version='1.0.0'>
  <properties size='3'>
    <property name='p2.timestamp' value='1635163747742'/>
    <property name='org.eclipse.update.site.policy' value='USER-EXCLUDE'/>
    <property name='org.eclipse.update.site.list' value=''/>
  </properties>
  <mappings size='3'>
    <rule filter='(&amp; (classifier=osgi.bundle))' output='${repoUrl}/plugins/${id}_${version}.jar'/>
    <rule filter='(&amp; (classifier=binary))' output='${repoUrl}/binary/${id}_${version}'/>
    <rule filter='(&amp; (classifier=org.eclipse.update.feature))' output='${repoUrl}/features/${id}_${version}.jar'/>
  </mappings>
  <artifacts size='11'>
    <artifact classifier='osgi.bundle' id='org.yaml.snakeyaml.source' version='1.21.0'>
      <properties size='2'>
        <property name='artifact.size' value='189789'/>
        <property name='download.size' value='189789'/>
      </properties>
      <repositoryProperties size='2'>
        <property name='artifact.reference' value='file:/A:/Softwares/eclipse/dropins/plugins/org.yaml.snakeyaml.source_1.21.0.jar'/>
        <property name='file.name' value='A:\Softwares\eclipse\dropins\plugins\org.yaml.snakeyaml.source_1.21.0.jar'/>
      </repositoryProperties>
    </artifact>
    <artifact classifier='osgi.bundle' id='org.apache-extras.beanshell.bsh' version='2.0.0.b6'>
      <properties size='2'>
        <property name='artifact.size' value='393343'/>
        <property name='download.size' value='393343'/>
      </properties>
      <repositoryProperties size='2'>
        <property name='artifact.reference' value='file:/A:/Softwares/eclipse/dropins/plugins/org.apache-extras.beanshell.bsh_2.0.0.b6.jar'/>
        <property name='file.name' value='A:\Softwares\eclipse\dropins\plugins\org.apache-extras.beanshell.bsh_2.0.0.b6.jar'/>
      </repositoryProperties>
    </artifact>
    <artifact classifier='osgi.bundle' id='org.testng.eclipse.maven' version='7.3.0.202008060412'>
      <properties size='2'>
        <property name='artifact.size' value='18955'/>
        <property name='download.size' value='18955'/>
      </properties>
      <repositoryProperties size='2'>
        <property name='artifact.reference' value='file:/A:/Softwares/eclipse/dropins/plugins/org.testng.eclipse.maven_7.3.0.202008060412.jar'/>
        <property name='file.name' value='A:\Softwares\eclipse\dropins\plugins\org.testng.eclipse.maven_7.3.0.202008060412.jar'/>
      </repositoryProperties>
    </artifact>
    <artifact classifier='osgi.bundle' id='org.apache-extras.beanshell.bsh.source' version='2.0.0.b6'>
      <properties size='2'>
        <property name='artifact.size' value='302812'/>
        <property name='download.size' value='302812'/>
      </properties>
      <repositoryProperties size='2'>
        <property name='artifact.reference' value='file:/A:/Softwares/eclipse/dropins/plugins/org.apache-extras.beanshell.bsh.source_2.0.0.b6.jar'/>
        <property name='file.name' value='A:\Softwares\eclipse\dropins\plugins\org.apache-extras.beanshell.bsh.source_2.0.0.b6.jar'/>
      </repositoryProperties>
    </artifact>
    <artifact classifier='osgi.bundle' id='org.testng.eclipse' version='7.3.0.202008060412'>
      <properties size='2'>
        <property name='artifact.size' value='887885'/>
        <property name='download.size' value='887885'/>
      </properties>
      <repositoryProperties size='2'>
        <property name='artifact.reference' value='file:/A:/Softwares/eclipse/dropins/plugins/org.testng.eclipse_7.3.0.202008060412.jar'/>
        <property name='file.name' value='A:\Softwares\eclipse\dropins\plugins\org.testng.eclipse_7.3.0.202008060412.jar'/>
      </repositoryProperties>
    </artifact>
    <artifact classifier='osgi.bundle' id='com.beust.jcommander' version='1.78.0'>
      <properties size='2'>
        <property name='artifact.size' value='85174'/>
        <property name='download.size' value='85174'/>
      </properties>
      <repositoryProperties size='2'>
        <property name='artifact.reference' value='file:/A:/Softwares/eclipse/dropins/plugins/com.beust.jcommander_1.78.0.jar'/>
        <property name='file.name' value='A:\Softwares\eclipse\dropins\plugins\com.beust.jcommander_1.78.0.jar'/>
      </repositoryProperties>
    </artifact>
    <artifact classifier='osgi.bundle' id='org.testng' version='7.3.0.r202008060316'>
      <properties size='2'>
        <property name='artifact.size' value='932275'/>
        <property name='download.size' value='932275'/>
      </properties>
      <repositoryProperties size='2'>
        <property name='artifact.reference' value='file:/A:/Softwares/eclipse/dropins/plugins/org.testng_7.3.0.r202008060316.jar'/>
        <property name='file.name' value='A:\Softwares\eclipse\dropins\plugins\org.testng_7.3.0.r202008060316.jar'/>
      </repositoryProperties>
    </artifact>
    <artifact classifier='osgi.bundle' id='org.yaml.snakeyaml' version='1.21.0'>
      <properties size='2'>
        <property name='artifact.size' value='299308'/>
        <property name='download.size' value='299308'/>
      </properties>
      <repositoryProperties size='2'>
        <property name='artifact.reference' value='file:/A:/Softwares/eclipse/dropins/plugins/org.yaml.snakeyaml_1.21.0.jar'/>
        <property name='file.name' value='A:\Softwares\eclipse\dropins\plugins\org.yaml.snakeyaml_1.21.0.jar'/>
      </repositoryProperties>
    </artifact>
    <artifact classifier='osgi.bundle' id='com.beust.jcommander.source' version='1.78.0'>
      <properties size='2'>
        <property name='artifact.size' value='68250'/>
        <property name='download.size' value='68250'/>
      </properties>
      <repositoryProperties size='2'>
        <property name='artifact.reference' value='file:/A:/Softwares/eclipse/dropins/plugins/com.beust.jcommander.source_1.78.0.jar'/>
        <property name='file.name' value='A:\Softwares\eclipse\dropins\plugins\com.beust.jcommander.source_1.78.0.jar'/>
      </repositoryProperties>
    </artifact>
    <artifact classifier='osgi.bundle' id='org.testng.source' version='7.3.0.r202008060316'>
      <properties size='2'>
        <property name='artifact.size' value='519589'/>
        <property name='download.size' value='519589'/>
      </properties>
      <repositoryProperties size='2'>
        <property name='artifact.reference' value='file:/A:/Softwares/eclipse/dropins/plugins/org.testng.source_7.3.0.r202008060316.jar'/>
        <property name='file.name' value='A:\Softwares\eclipse\dropins\plugins\org.testng.source_7.3.0.r202008060316.jar'/>
      </repositoryProperties>
    </artifact>
    <artifact classifier='osgi.bundle' id='com.google.guava' version='21.0.0.v20170206-1425'>
      <properties size='2'>
        <property name='artifact.size' value='2675014'/>
        <property name='download.size' value='2675014'/>
      </properties>
      <repositoryProperties size='2'>
        <property name='artifact.reference' value='file:/A:/Softwares/eclipse/dropins/plugins/com.google.guava_21.0.0.v20170206-1425.jar'/>
        <property name='file.name' value='A:\Softwares\eclipse\dropins\plugins\com.google.guava_21.0.0.v20170206-1425.jar'/>
      </repositoryProperties>
    </artifact>
  </artifacts>
</repository>
