<?xml version='1.0' encoding='UTF-8'?>
<?artifactRepository version='1.1.0'?>
<repository name='org.testng.eclipse.updatesite' type='org.eclipse.equinox.p2.artifact.repository.simpleRepository' version='1'>
  <properties size='3'>
    <property name='publishPackFilesAsSiblings' value='true'/>
    <property name='p2.compressed' value='true'/>
    <property name='p2.timestamp' value='1596687142221'/>
  </properties>
  <mappings size='5'>
    <rule filter='(&amp; (classifier=osgi.bundle) (format=packed))' output='${repoUrl}/plugins/${id}_${version}.jar.pack.gz'/>
    <rule filter='(&amp; (classifier=osgi.bundle))' output='${repoUrl}/plugins/${id}_${version}.jar'/>
    <rule filter='(&amp; (classifier=binary))' output='${repoUrl}/binary/${id}_${version}'/>
    <rule filter='(&amp; (classifier=org.eclipse.update.feature) (format=packed))' output='${repoUrl}/features/${id}_${version}.jar.pack.gz'/>
    <rule filter='(&amp; (classifier=org.eclipse.update.feature))' output='${repoUrl}/features/${id}_${version}.jar'/>
  </mappings>
  <artifacts size='14'>
    <artifact classifier='osgi.bundle' id='org.apache-extras.beanshell.bsh' version='2.0.0.b6'>
      <properties size='5'>
        <property name='download.size' value='393343'/>
        <property name='artifact.size' value='393343'/>
        <property name='download.md5' value='55fe9906e50d7f2a4f8b238f788e9b4a'/>
        <property name='download.checksum.md5' value='55fe9906e50d7f2a4f8b238f788e9b4a'/>
        <property name='download.checksum.sha-256' value='4a1018a4385c730a56238e3cbb9f861f6bedd88bc52f3399530fac5bce5f4967'/>
      </properties>
    </artifact>
    <artifact classifier='org.eclipse.update.feature' id='org.testng.p2.feature' version='7.3.0.r202008060316'>
      <properties size='5'>
        <property name='download.size' value='421'/>
        <property name='artifact.size' value='421'/>
        <property name='download.md5' value='8b80ebf20ad597c91fb0fe5b117919b9'/>
        <property name='download.checksum.md5' value='8b80ebf20ad597c91fb0fe5b117919b9'/>
        <property name='download.checksum.sha-256' value='40f00a1c0d1a1408ceb2d0b9f450bf55ccbecc9df16998cf2b14fff9831f0d24'/>
      </properties>
    </artifact>
    <artifact classifier='osgi.bundle' id='com.google.guava' version='21.0.0.v20170206-1425'>
      <properties size='5'>
        <property name='download.size' value='2675014'/>
        <property name='artifact.size' value='2675014'/>
        <property name='download.md5' value='52478423ff2112065c76c37d9bab99c4'/>
        <property name='download.checksum.md5' value='52478423ff2112065c76c37d9bab99c4'/>
        <property name='download.checksum.sha-256' value='e0491b651878fa3eda1f461c268f2d2368cab6e691ff5e3ff6353e953970889b'/>
      </properties>
    </artifact>
    <artifact classifier='org.eclipse.update.feature' id='org.testng.eclipse.maven.feature' version='7.3.0.202008060412'>
      <properties size='9'>
        <property name='artifact.size' value='4416'/>
        <property name='download.size' value='4416'/>
        <property name='maven-groupId' value='org.testng.eclipse.features'/>
        <property name='maven-artifactId' value='org.testng.eclipse.maven.feature'/>
        <property name='maven-version' value='7.3.0-SNAPSHOT'/>
        <property name='download.contentType' value='application/zip'/>
        <property name='download.md5' value='f5ea735afd02c02e20d14f44a81c6783'/>
        <property name='download.checksum.md5' value='f5ea735afd02c02e20d14f44a81c6783'/>
        <property name='download.checksum.sha-256' value='3a2d4da9c32dd225a1a2bbf279b6cc8db024dd34cb685ded1e94fee67f746561'/>
      </properties>
    </artifact>
    <artifact classifier='osgi.bundle' id='com.beust.jcommander.source' version='1.78.0'>
      <properties size='5'>
        <property name='download.size' value='68250'/>
        <property name='artifact.size' value='68250'/>
        <property name='download.md5' value='78f2360afa04209dfc9312f622b5fb59'/>
        <property name='download.checksum.md5' value='78f2360afa04209dfc9312f622b5fb59'/>
        <property name='download.checksum.sha-256' value='648fe6a5630af7211108145e3081f5531823d2606b2b5fe8e072e0b54c155bc2'/>
      </properties>
    </artifact>
    <artifact classifier='osgi.bundle' id='org.testng.eclipse' version='7.3.0.202008060412'>
      <properties size='8'>
        <property name='artifact.size' value='887885'/>
        <property name='download.size' value='887885'/>
        <property name='maven-groupId' value='org.testng.eclipse'/>
        <property name='maven-artifactId' value='org.testng.eclipse'/>
        <property name='maven-version' value='7.3.0-SNAPSHOT'/>
        <property name='download.md5' value='16fe6b378c39b88041c2b7c7cbec33d0'/>
        <property name='download.checksum.md5' value='16fe6b378c39b88041c2b7c7cbec33d0'/>
        <property name='download.checksum.sha-256' value='f9e2c1684d8c7089e8ae3a102a08041ac97058d454793db3b9c784e3e0864f09'/>
      </properties>
    </artifact>
    <artifact classifier='osgi.bundle' id='org.apache-extras.beanshell.bsh.source' version='2.0.0.b6'>
      <properties size='5'>
        <property name='download.size' value='302812'/>
        <property name='artifact.size' value='302812'/>
        <property name='download.md5' value='437e2fde4ad799bf47eefb861325b974'/>
        <property name='download.checksum.md5' value='437e2fde4ad799bf47eefb861325b974'/>
        <property name='download.checksum.sha-256' value='217eaa4eed32ddcb72189fe4516fb7428ca20e2b4379ad5390d9fecfac30b3d8'/>
      </properties>
    </artifact>
    <artifact classifier='org.eclipse.update.feature' id='org.testng.eclipse' version='7.3.0.202008060412'>
      <properties size='9'>
        <property name='artifact.size' value='4553'/>
        <property name='download.size' value='4553'/>
        <property name='maven-groupId' value='org.testng.eclipse.features'/>
        <property name='maven-artifactId' value='org.testng.eclipse'/>
        <property name='maven-version' value='7.3.0-SNAPSHOT'/>
        <property name='download.contentType' value='application/zip'/>
        <property name='download.md5' value='c3817dcdf2c4f984deba7585b3a174dc'/>
        <property name='download.checksum.md5' value='c3817dcdf2c4f984deba7585b3a174dc'/>
        <property name='download.checksum.sha-256' value='7cadfb155a43c76e1df286bd521d1c57ba4752b289a196bc848241dd046df29e'/>
      </properties>
    </artifact>
    <artifact classifier='osgi.bundle' id='org.yaml.snakeyaml.source' version='1.21.0'>
      <properties size='5'>
        <property name='download.size' value='189789'/>
        <property name='artifact.size' value='189789'/>
        <property name='download.md5' value='500b681abe1b08e07488308070b53afd'/>
        <property name='download.checksum.md5' value='500b681abe1b08e07488308070b53afd'/>
        <property name='download.checksum.sha-256' value='f379681f920816e04d5687563cbaf07b0698c67a2d1bfee6bb8a339903e7e1ae'/>
      </properties>
    </artifact>
    <artifact classifier='osgi.bundle' id='org.testng.eclipse.maven' version='7.3.0.202008060412'>
      <properties size='8'>
        <property name='artifact.size' value='18955'/>
        <property name='download.size' value='18955'/>
        <property name='maven-groupId' value='org.testng.eclipse'/>
        <property name='maven-artifactId' value='org.testng.eclipse.maven'/>
        <property name='maven-version' value='7.3.0-SNAPSHOT'/>
        <property name='download.md5' value='33b8f5138c9f707d53a5388e391d2fd4'/>
        <property name='download.checksum.md5' value='33b8f5138c9f707d53a5388e391d2fd4'/>
        <property name='download.checksum.sha-256' value='0954b6464d0893d19eee8bba995b1e8c3bcd3c37bfadb0f1f48679e7bdb4dc35'/>
      </properties>
    </artifact>
    <artifact classifier='osgi.bundle' id='org.testng' version='7.3.0.r202008060316'>
      <properties size='5'>
        <property name='download.size' value='932275'/>
        <property name='artifact.size' value='932275'/>
        <property name='download.md5' value='28d4e4efd69b6f510fe8d9a36b4a4c56'/>
        <property name='download.checksum.md5' value='28d4e4efd69b6f510fe8d9a36b4a4c56'/>
        <property name='download.checksum.sha-256' value='b64cae511c77d5e6f00d653814fc1dc76ca97ab80e6183d9d09a0747269afbda'/>
      </properties>
    </artifact>
    <artifact classifier='osgi.bundle' id='org.yaml.snakeyaml' version='1.21.0'>
      <properties size='5'>
        <property name='download.size' value='299308'/>
        <property name='artifact.size' value='299308'/>
        <property name='download.md5' value='b16142890b39db3ff828085f56845b51'/>
        <property name='download.checksum.md5' value='b16142890b39db3ff828085f56845b51'/>
        <property name='download.checksum.sha-256' value='e43cb0683f70804b833dfaa5ac032ff14ba0c758d4a1e9eaeb6640515df83faf'/>
      </properties>
    </artifact>
    <artifact classifier='osgi.bundle' id='com.beust.jcommander' version='1.78.0'>
      <properties size='5'>
        <property name='download.size' value='85174'/>
        <property name='artifact.size' value='85174'/>
        <property name='download.md5' value='d818798696dc088656d4abdf7019345f'/>
        <property name='download.checksum.md5' value='d818798696dc088656d4abdf7019345f'/>
        <property name='download.checksum.sha-256' value='fd80c1808b247383fd615f9d1983f0fe9dcaee5a19ad24fd89b5a78a84dc7656'/>
      </properties>
    </artifact>
    <artifact classifier='osgi.bundle' id='org.testng.source' version='7.3.0.r202008060316'>
      <properties size='5'>
        <property name='download.size' value='519589'/>
        <property name='artifact.size' value='519589'/>
        <property name='download.md5' value='69233df1fc7131567cb7cc21c09747e6'/>
        <property name='download.checksum.md5' value='69233df1fc7131567cb7cc21c09747e6'/>
        <property name='download.checksum.sha-256' value='4ace9673faae6a634a3da5120e5e184c56673e527bc37d931d2e99829b7cf10c'/>
      </properties>
    </artifact>
  </artifacts>
</repository>
