<?xml version="1.0" encoding="UTF-8"?>
<feature
      id="org.eclipse.epp.mpc"
      label="%featureName"
      version="1.5.4.v20170222-1941"
      provider-name="%providerName"
      plugin="org.eclipse.epp.mpc.ui">

   <description url="http://www.eclipse.org/epp/mpc/">
      %description
   </description>

   <copyright>
      %copyright
   </copyright>

   <license url="%licenseURL">
      %license
   </license>

   <requires>
      <import feature="org.eclipse.equinox.p2.discovery.feature" version="1.0.0.v201004" match="compatible"/>
   </requires>

   <plugin
         id="org.eclipse.epp.mpc.core"
         download-size="233"
         install-size="503"
         version="1.5.4.v20170222-1921"
         unpack="false"/>

   <plugin
         id="org.eclipse.epp.mpc.ui"
         download-size="512"
         install-size="1125"
         version="1.5.4.v20170222-1941"
         unpack="false"/>

   <plugin
         id="org.eclipse.epp.mpc.help.ui"
         download-size="749"
         install-size="780"
         version="1.5.4.v20170201-1845"
         unpack="false"/>

   <plugin
         id="org.apache.httpcomponents.httpclient"
         download-size="844"
         install-size="1790"
         version="4.3.6.v201511171540"
         unpack="false"/>

   <plugin
         id="org.apache.httpcomponents.httpcore"
         download-size="311"
         install-size="642"
         version="4.3.3.v201411290715"
         unpack="false"/>

</feature>
