<?xml version="1.0" encoding="UTF-8"?>
<feature
      id="org.eclipse.datatools.connectivity.feature"
      label="%featureName"
      version="1.13.0.201603142002"
      provider-name="%providerName"
      plugin="org.eclipse.datatools.connectivity"
      image="eclipse_update_120.jpg">

   <description>
      %description
   </description>

   <copyright>
      %featureCopyright
   </copyright>

   <license url="%licenseURL">
      %license
   </license>

   <includes
         id="org.eclipse.datatools.connectivity.oda.feature"
         version="1.13.0.201603142002"
         optional="true"/>

   <includes
         id="org.eclipse.datatools.connectivity.oda.designer.feature"
         version="1.13.0.201603142002"
         optional="true"/>

   <includes
         id="org.eclipse.datatools.connectivity.oda.designer.core.feature"
         version="1.13.0.201603142002"
         optional="true"/>

   <requires>
      <import feature="org.eclipse.datatools.modelbase.feature" version="1.13.0" match="greaterOrEqual"/>
   </requires>

   <plugin
         id="org.eclipse.datatools.connectivity.sqm.core.ui"
         download-size="0"
         install-size="0"
         version="1.3.0.201603142002"
         unpack="false"/>

   <plugin
         id="org.eclipse.datatools.connectivity.sqm.core"
         download-size="0"
         install-size="0"
         version="1.3.0.201603142002"
         unpack="false"/>

   <plugin
         id="org.eclipse.datatools.connectivity.sqm.server.ui"
         download-size="0"
         install-size="0"
         version="1.2.0.201603142002"
         unpack="false"/>

   <plugin
         id="org.eclipse.datatools.connectivity.ui.dse"
         download-size="0"
         install-size="0"
         version="1.2.0.201603142002"
         unpack="false"/>

   <plugin
         id="org.eclipse.datatools.connectivity.ui"
         download-size="0"
         install-size="0"
         version="1.3.0.201603142002"
         unpack="false"/>

   <plugin
         id="org.eclipse.datatools.connectivity"
         download-size="0"
         install-size="0"
         version="1.13.0.201603142002"
         unpack="false"/>

   <plugin
         id="org.eclipse.datatools.help"
         download-size="0"
         install-size="0"
         version="1.6.0.201603142002"
         unpack="false"/>

   <plugin
         id="org.eclipse.datatools.connectivity.console.profile"
         download-size="0"
         install-size="0"
         version="1.1.0.201603142002"
         unpack="false"/>

</feature>
