<?xml version="1.0" encoding="UTF-8"?>
<java version="1.8.0_291" class="java.beans.XMLDecoder">
 <object class="org.eclipse.epp.internal.mpc.ui.catalog.MarketplaceInfo" id="MarketplaceInfo0">
  <void property="iuToNodeKey">
   <void method="put">
    <string>com.genuitec.eclipse.code.pack.angular</string>
    <object class="java.util.ArrayList">
     <void method="add">
      <string>https://marketplace.eclipse.org#3157661</string>
     </void>
    </object>
   </void>
   <void method="put">
    <string>com.genuitec.eclipse.code.angularide.feature</string>
    <object class="java.util.ArrayList">
     <void method="add">
      <string>https://marketplace.eclipse.org#3157661</string>
     </void>
    </object>
   </void>
   <void method="put">
    <string>org.emios.mde.utils4emf.feature</string>
    <object class="java.util.ArrayList">
     <void method="add">
      <string>https://marketplace.eclipse.org#35788</string>
     </void>
    </object>
   </void>
   <void method="put">
    <string>org.eclipse.papyrus.designer.transformation.main.feature</string>
    <object class="java.util.ArrayList">
     <void method="add">
      <string>https://marketplace.eclipse.org#3724955</string>
     </void>
    </object>
   </void>
   <void method="put">
    <string>org.eclipse.wst.xml_ui.feature</string>
    <object class="java.util.ArrayList">
     <void method="add">
      <string>https://marketplace.eclipse.org#2963400</string>
     </void>
    </object>
   </void>
   <void method="put">
    <string>org.eclipse.wst.web_ui.feature</string>
    <object class="java.util.ArrayList">
     <void method="add">
      <string>https://marketplace.eclipse.org#2963400</string>
     </void>
    </object>
   </void>
   <void method="put">
    <string>org.eclipse.egit</string>
    <object class="java.util.ArrayList">
     <void method="add">
      <string>https://marketplace.eclipse.org#2963400</string>
     </void>
    </object>
   </void>
   <void method="put">
    <string>ar.com.tadp.xml.rinzo.core.feature</string>
    <object class="java.util.ArrayList">
     <void method="add">
      <string>https://marketplace.eclipse.org#697</string>
     </void>
    </object>
   </void>
   <void method="put">
    <string>net.jumperz.app.MExEdit</string>
    <object class="java.util.ArrayList">
     <void method="add">
      <string>https://marketplace.eclipse.org#58650</string>
     </void>
    </object>
   </void>
   <void method="put">
    <string>ilg.gnumcueclipse.packs.feature</string>
    <object class="java.util.ArrayList">
     <void method="add">
      <string>https://marketplace.eclipse.org#2593184</string>
     </void>
    </object>
   </void>
   <void method="put">
    <string>hu.skzs.multiproperties.handler.java</string>
    <object class="java.util.ArrayList">
     <void method="add">
      <string>https://marketplace.eclipse.org#168436</string>
     </void>
    </object>
   </void>
   <void method="put">
    <string>hu.skzs.multiproperties.handler.text</string>
    <object class="java.util.ArrayList">
     <void method="add">
      <string>https://marketplace.eclipse.org#168436</string>
     </void>
    </object>
   </void>
   <void method="put">
    <string>org.moreunit</string>
    <object class="java.util.ArrayList">
     <void method="add">
      <string>https://marketplace.eclipse.org#194</string>
     </void>
    </object>
   </void>
   <void method="put">
    <string>ilg.gnumcueclipse.templates.cortexm.feature</string>
    <object class="java.util.ArrayList">
     <void method="add">
      <string>https://marketplace.eclipse.org#2593184</string>
     </void>
    </object>
   </void>
   <void method="put">
    <string>com.genuitec.eclipse.code.navigation.feature</string>
    <object class="java.util.ArrayList">
     <void method="add">
      <string>https://marketplace.eclipse.org#3157661</string>
     </void>
    </object>
   </void>
   <void method="put">
    <string>org.obeonetwork.dsl.dart.feature</string>
    <object class="java.util.ArrayList">
     <void method="add">
      <string>https://marketplace.eclipse.org#1837991</string>
     </void>
    </object>
   </void>
   <void method="put">
    <string>eu.openanalytics.editor.docker</string>
    <object class="java.util.ArrayList">
     <void method="add">
      <string>https://marketplace.eclipse.org#2395456</string>
     </void>
    </object>
   </void>
   <void method="put">
    <string>org.emios.mde.utils4kermeta.feature</string>
    <object class="java.util.ArrayList">
     <void method="add">
      <string>https://marketplace.eclipse.org#35788</string>
     </void>
    </object>
   </void>
   <void method="put">
    <string>com.netcetera.eclipse.quickrex.feature.feature.group</string>
    <object class="java.util.ArrayList">
     <void method="add">
      <string>https://marketplace.eclipse.org#2439063</string>
     </void>
    </object>
   </void>
   <void method="put">
    <string>com.dynatrace.eclipseintegration</string>
    <object class="java.util.ArrayList">
     <void method="add">
      <string>https://marketplace.eclipse.org#3414376</string>
     </void>
    </object>
   </void>
   <void method="put">
    <string>org.eclipse.cvs</string>
    <object class="java.util.ArrayList">
     <void method="add">
      <string>https://marketplace.eclipse.org#2963400</string>
     </void>
    </object>
   </void>
   <void method="put">
    <string>org.infinitest.eclipse.feature</string>
    <object class="java.util.ArrayList">
     <void method="add">
      <string>https://marketplace.eclipse.org#1124</string>
     </void>
    </object>
   </void>
   <void method="put">
    <string>ilg.gnumcueclipse.templates.ad.feature</string>
    <object class="java.util.ArrayList">
     <void method="add">
      <string>https://marketplace.eclipse.org#2593184</string>
     </void>
    </object>
   </void>
   <void method="put">
    <string>org.emios.mde.utils.feature</string>
    <object class="java.util.ArrayList">
     <void method="add">
      <string>https://marketplace.eclipse.org#35788</string>
     </void>
    </object>
   </void>
   <void method="put">
    <string>info.codesaway.bex</string>
    <object class="java.util.ArrayList">
     <void method="add">
      <string>https://marketplace.eclipse.org#5164736</string>
     </void>
    </object>
   </void>
   <void method="put">
    <string>com.amashchenko.eclipse.strutsclipse.feature</string>
    <object class="java.util.ArrayList">
     <void method="add">
      <string>https://marketplace.eclipse.org#2502030</string>
     </void>
    </object>
   </void>
   <void method="put">
    <string>com.amashchenko.eclipse.strutsclipse.tiles.feature</string>
    <object class="java.util.ArrayList">
     <void method="add">
      <string>https://marketplace.eclipse.org#2502030</string>
     </void>
    </object>
   </void>
   <void method="put">
    <string>org.obeonetwork.dsl.uml2.runtime.sdk.feature</string>
    <object class="java.util.ArrayList">
     <void method="add">
      <string>https://marketplace.eclipse.org#1789445</string>
     </void>
    </object>
   </void>
   <void method="put">
    <string>com.genuitec.eclipse.code.extended.feature</string>
    <object class="java.util.ArrayList">
     <void method="add">
      <string>https://marketplace.eclipse.org#3157661</string>
     </void>
    </object>
   </void>
   <void method="put">
    <string>ilg.gnumcueclipse.templates.sifive.feature</string>
    <object class="java.util.ArrayList">
     <void method="add">
      <string>https://marketplace.eclipse.org#2593184</string>
     </void>
    </object>
   </void>
   <void method="put">
    <string>org.testng.eclipse.maven.feature</string>
    <object class="java.util.ArrayList">
     <void method="add">
      <string>https://marketplace.eclipse.org#1549</string>
     </void>
    </object>
   </void>
   <void method="put">
    <string>org.emios.mde.dependencies</string>
    <object class="java.util.ArrayList">
     <void method="add">
      <string>https://marketplace.eclipse.org#35788</string>
     </void>
    </object>
   </void>
   <void method="put">
    <string>net.vtst.ow.eclipse.soy.feature</string>
    <object class="java.util.ArrayList">
     <void method="add">
      <string>https://marketplace.eclipse.org#1316084</string>
     </void>
    </object>
   </void>
   <void method="put">
    <string>ilg.gnumcueclipse.managedbuild.cross.riscv.feature</string>
    <object class="java.util.ArrayList">
     <void method="add">
      <string>https://marketplace.eclipse.org#2593184</string>
     </void>
    </object>
   </void>
   <void method="put">
    <string>com.googlecode.veloeclipse.ui</string>
    <object class="java.util.ArrayList">
     <void method="add">
      <string>https://marketplace.eclipse.org#3615136</string>
     </void>
    </object>
   </void>
   <void method="put">
    <string>org.nodeclipse.enide.editors.proto.feature</string>
    <object class="java.util.ArrayList">
     <void method="add">
      <string>https://marketplace.eclipse.org#3146377</string>
     </void>
    </object>
   </void>
   <void method="put">
    <string>hu.skzs.multiproperties</string>
    <object class="java.util.ArrayList">
     <void method="add">
      <string>https://marketplace.eclipse.org#168436</string>
     </void>
    </object>
   </void>
   <void method="put">
    <string>com.onpositive.prefeditor.feature</string>
    <object class="java.util.ArrayList">
     <void method="add">
      <string>https://marketplace.eclipse.org#3530420</string>
     </void>
    </object>
   </void>
   <void method="put">
    <string>ilg.gnumcueclipse.debug.gdbjtag.qemu.feature</string>
    <object class="java.util.ArrayList">
     <void method="add">
      <string>https://marketplace.eclipse.org#2593184</string>
     </void>
    </object>
   </void>
   <void method="put">
    <string>org.emios.mde.utils4emftriple.feature</string>
    <object class="java.util.ArrayList">
     <void method="add">
      <string>https://marketplace.eclipse.org#35788</string>
     </void>
    </object>
   </void>
   <void method="put">
    <string>org.freejava.javasourceattacher.feature</string>
    <object class="java.util.ArrayList">
     <void method="add">
      <string>https://marketplace.eclipse.org#84997</string>
     </void>
    </object>
   </void>
   <void method="put">
    <string>ilg.gnumcueclipse.managedbuild.cross.arm.feature</string>
    <object class="java.util.ArrayList">
     <void method="add">
      <string>https://marketplace.eclipse.org#2593184</string>
     </void>
    </object>
   </void>
   <void method="put">
    <string>ilg.gnumcueclipse.templates.freescale.feature</string>
    <object class="java.util.ArrayList">
     <void method="add">
      <string>https://marketplace.eclipse.org#2593184</string>
     </void>
    </object>
   </void>
   <void method="put">
    <string>org.emios.mde.utils4kompose.feature</string>
    <object class="java.util.ArrayList">
     <void method="add">
      <string>https://marketplace.eclipse.org#35788</string>
     </void>
    </object>
   </void>
   <void method="put">
    <string>ar.com.tadp.prolog.feature</string>
    <object class="java.util.ArrayList">
     <void method="add">
      <string>https://marketplace.eclipse.org#698</string>
     </void>
    </object>
   </void>
   <void method="put">
    <string>com.zeroc.IceBuilder</string>
    <object class="java.util.ArrayList">
     <void method="add">
      <string>https://marketplace.eclipse.org#2449032</string>
     </void>
    </object>
   </void>
   <void method="put">
    <string>org.eclipse.papyrus.designer.languages.cpp.feature</string>
    <object class="java.util.ArrayList">
     <void method="add">
      <string>https://marketplace.eclipse.org#3724955</string>
     </void>
    </object>
   </void>
   <void method="put">
    <string>com.genuitec.eclipse.code.feature</string>
    <object class="java.util.ArrayList">
     <void method="add">
      <string>https://marketplace.eclipse.org#3157661</string>
     </void>
    </object>
   </void>
   <void method="put">
    <string>ilg.gnumcueclipse.debug.gdbjtag.openocd.feature</string>
    <object class="java.util.ArrayList">
     <void method="add">
      <string>https://marketplace.eclipse.org#2593184</string>
     </void>
    </object>
   </void>
   <void method="put">
    <string>ilg.gnumcueclipse.templates.stm.feature</string>
    <object class="java.util.ArrayList">
     <void method="add">
      <string>https://marketplace.eclipse.org#2593184</string>
     </void>
    </object>
   </void>
   <void method="put">
    <string>org.eclipse.wst.xsl.feature</string>
    <object class="java.util.ArrayList">
     <void method="add">
      <string>https://marketplace.eclipse.org#2963400</string>
     </void>
    </object>
   </void>
   <void method="put">
    <string>org.emios.mde.utils4eclipse.feature</string>
    <object class="java.util.ArrayList">
     <void method="add">
      <string>https://marketplace.eclipse.org#35788</string>
     </void>
    </object>
   </void>
   <void method="put">
    <string>ilg.gnumcueclipse.codered.feature</string>
    <object class="java.util.ArrayList">
     <void method="add">
      <string>https://marketplace.eclipse.org#2593184</string>
     </void>
    </object>
   </void>
   <void method="put">
    <string>org.moreunit.light</string>
    <object class="java.util.ArrayList">
     <void method="add">
      <string>https://marketplace.eclipse.org#194</string>
     </void>
    </object>
   </void>
   <void method="put">
    <string>ilg.gnumcueclipse.debug.gdbjtag.jlink.feature</string>
    <object class="java.util.ArrayList">
     <void method="add">
      <string>https://marketplace.eclipse.org#2593184</string>
     </void>
    </object>
   </void>
   <void method="put">
    <string>net.vtst.ow.eclipse.js.closure.feature</string>
    <object class="java.util.ArrayList">
     <void method="add">
      <string>https://marketplace.eclipse.org#1316084</string>
     </void>
    </object>
   </void>
   <void method="put">
    <string>ilg.gnumcueclipse.debug.gdbjtag.pyocd.feature</string>
    <object class="java.util.ArrayList">
     <void method="add">
      <string>https://marketplace.eclipse.org#2593184</string>
     </void>
    </object>
   </void>
   <void method="put">
    <string>com.laboki.eclipse.feature.fastopen</string>
    <object class="java.util.ArrayList">
     <void method="add">
      <string>https://marketplace.eclipse.org#2333701</string>
     </void>
    </object>
   </void>
   <void method="put">
    <string>com.genuitec.eclipse.code.slack.feature</string>
    <object class="java.util.ArrayList">
     <void method="add">
      <string>https://marketplace.eclipse.org#3157661</string>
     </void>
    </object>
   </void>
   <void method="put">
    <string>org.testng.eclipse</string>
    <object class="java.util.ArrayList">
     <void method="add">
      <string>https://marketplace.eclipse.org#1549</string>
     </void>
    </object>
   </void>
   <void method="put">
    <string>org.moreunit.mock</string>
    <object class="java.util.ArrayList">
     <void method="add">
      <string>https://marketplace.eclipse.org#194</string>
     </void>
    </object>
   </void>
   <void method="put">
    <string>org.eclipse.wst.xml.xpath2.processor.feature</string>
    <object class="java.util.ArrayList">
     <void method="add">
      <string>https://marketplace.eclipse.org#2963400</string>
     </void>
    </object>
   </void>
   <void method="put">
    <string>ar.com.tadp.xml.rinzo.jdt.feature</string>
    <object class="java.util.ArrayList">
     <void method="add">
      <string>https://marketplace.eclipse.org#697</string>
     </void>
    </object>
   </void>
   <void method="put">
    <string>org.eclipse.wst.jsdt.feature</string>
    <object class="java.util.ArrayList">
     <void method="add">
      <string>https://marketplace.eclipse.org#2963400</string>
     </void>
    </object>
   </void>
  </void>
  <void property="nodeKeyToIU">
   <void method="put">
    <string>https://marketplace.eclipse.org#194</string>
    <object class="java.util.ArrayList">
     <void method="add">
      <string>org.moreunit</string>
     </void>
     <void method="add">
      <string>org.moreunit.mock</string>
     </void>
     <void method="add">
      <string>org.moreunit.light</string>
     </void>
    </object>
   </void>
   <void method="put">
    <string>https://marketplace.eclipse.org#1316084</string>
    <object class="java.util.ArrayList">
     <void method="add">
      <string>net.vtst.ow.eclipse.soy.feature</string>
     </void>
     <void method="add">
      <string>net.vtst.ow.eclipse.js.closure.feature</string>
     </void>
    </object>
   </void>
   <void method="put">
    <string>https://marketplace.eclipse.org#3724955</string>
    <object class="java.util.ArrayList">
     <void method="add">
      <string>org.eclipse.papyrus.designer.transformation.main.feature</string>
     </void>
     <void method="add">
      <string>org.eclipse.papyrus.designer.languages.cpp.feature</string>
     </void>
    </object>
   </void>
   <void method="put">
    <string>https://marketplace.eclipse.org#3615136</string>
    <object class="java.util.ArrayList">
     <void method="add">
      <string>com.googlecode.veloeclipse.ui</string>
     </void>
    </object>
   </void>
   <void method="put">
    <string>https://marketplace.eclipse.org#2395456</string>
    <object class="java.util.ArrayList">
     <void method="add">
      <string>eu.openanalytics.editor.docker</string>
     </void>
    </object>
   </void>
   <void method="put">
    <string>https://marketplace.eclipse.org#3530420</string>
    <object class="java.util.ArrayList">
     <void method="add">
      <string>com.onpositive.prefeditor.feature</string>
     </void>
    </object>
   </void>
   <void method="put">
    <string>https://marketplace.eclipse.org#698</string>
    <object class="java.util.ArrayList">
     <void method="add">
      <string>ar.com.tadp.prolog.feature</string>
     </void>
    </object>
   </void>
   <void method="put">
    <string>https://marketplace.eclipse.org#2439063</string>
    <object class="java.util.ArrayList">
     <void method="add">
      <string>com.netcetera.eclipse.quickrex.feature.feature.group</string>
     </void>
    </object>
   </void>
   <void method="put">
    <string>https://marketplace.eclipse.org#5164736</string>
    <object class="java.util.ArrayList">
     <void method="add">
      <string>info.codesaway.bex</string>
     </void>
    </object>
   </void>
   <void method="put">
    <string>https://marketplace.eclipse.org#697</string>
    <object class="java.util.ArrayList">
     <void method="add">
      <string>ar.com.tadp.xml.rinzo.core.feature</string>
     </void>
     <void method="add">
      <string>ar.com.tadp.xml.rinzo.jdt.feature</string>
     </void>
    </object>
   </void>
   <void method="put">
    <string>https://marketplace.eclipse.org#2963400</string>
    <object class="java.util.ArrayList">
     <void method="add">
      <string>org.eclipse.wst.web_ui.feature</string>
     </void>
     <void method="add">
      <string>org.eclipse.wst.xml_ui.feature</string>
     </void>
     <void method="add">
      <string>org.eclipse.wst.jsdt.feature</string>
     </void>
     <void method="add">
      <string>org.eclipse.egit</string>
     </void>
     <void method="add">
      <string>org.eclipse.cvs</string>
     </void>
     <void method="add">
      <string>org.eclipse.wst.xsl.feature</string>
     </void>
     <void method="add">
      <string>org.eclipse.wst.xml.xpath2.processor.feature</string>
     </void>
    </object>
   </void>
   <void method="put">
    <string>https://marketplace.eclipse.org#35788</string>
    <object class="java.util.ArrayList">
     <void method="add">
      <string>org.emios.mde.utils.feature</string>
     </void>
     <void method="add">
      <string>org.emios.mde.utils4eclipse.feature</string>
     </void>
     <void method="add">
      <string>org.emios.mde.utils4emf.feature</string>
     </void>
     <void method="add">
      <string>org.emios.mde.utils4emftriple.feature</string>
     </void>
     <void method="add">
      <string>org.emios.mde.utils4kermeta.feature</string>
     </void>
     <void method="add">
      <string>org.emios.mde.utils4kompose.feature</string>
     </void>
     <void method="add">
      <string>org.emios.mde.dependencies</string>
     </void>
    </object>
   </void>
   <void method="put">
    <string>https://marketplace.eclipse.org#3157661</string>
    <object class="java.util.ArrayList">
     <void method="add">
      <string>com.genuitec.eclipse.code.angularide.feature</string>
     </void>
     <void method="add">
      <string>com.genuitec.eclipse.code.feature</string>
     </void>
     <void method="add">
      <string>com.genuitec.eclipse.code.navigation.feature</string>
     </void>
     <void method="add">
      <string>com.genuitec.eclipse.code.slack.feature</string>
     </void>
     <void method="add">
      <string>com.genuitec.eclipse.code.extended.feature</string>
     </void>
     <void method="add">
      <string>com.genuitec.eclipse.code.pack.angular</string>
     </void>
    </object>
   </void>
   <void method="put">
    <string>https://marketplace.eclipse.org#1124</string>
    <object class="java.util.ArrayList">
     <void method="add">
      <string>org.infinitest.eclipse.feature</string>
     </void>
    </object>
   </void>
   <void method="put">
    <string>https://marketplace.eclipse.org#168436</string>
    <object class="java.util.ArrayList">
     <void method="add">
      <string>hu.skzs.multiproperties</string>
     </void>
     <void method="add">
      <string>hu.skzs.multiproperties.handler.java</string>
     </void>
     <void method="add">
      <string>hu.skzs.multiproperties.handler.text</string>
     </void>
    </object>
   </void>
   <void method="put">
    <string>https://marketplace.eclipse.org#3414376</string>
    <object class="java.util.ArrayList">
     <void method="add">
      <string>com.dynatrace.eclipseintegration</string>
     </void>
    </object>
   </void>
   <void method="put">
    <string>https://marketplace.eclipse.org#1837991</string>
    <object class="java.util.ArrayList">
     <void method="add">
      <string>org.obeonetwork.dsl.dart.feature</string>
     </void>
    </object>
   </void>
   <void method="put">
    <string>https://marketplace.eclipse.org#3146377</string>
    <object class="java.util.ArrayList">
     <void method="add">
      <string>org.nodeclipse.enide.editors.proto.feature</string>
     </void>
    </object>
   </void>
   <void method="put">
    <string>https://marketplace.eclipse.org#2449032</string>
    <object class="java.util.ArrayList">
     <void method="add">
      <string>com.zeroc.IceBuilder</string>
     </void>
    </object>
   </void>
   <void method="put">
    <string>https://marketplace.eclipse.org#58650</string>
    <object class="java.util.ArrayList">
     <void method="add">
      <string>net.jumperz.app.MExEdit</string>
     </void>
    </object>
   </void>
   <void method="put">
    <string>https://marketplace.eclipse.org#1549</string>
    <object class="java.util.ArrayList">
     <void method="add">
      <string>org.testng.eclipse</string>
     </void>
     <void method="add">
      <string>org.testng.eclipse.maven.feature</string>
     </void>
    </object>
   </void>
   <void method="put">
    <string>https://marketplace.eclipse.org#1789445</string>
    <object class="java.util.ArrayList">
     <void method="add">
      <string>org.obeonetwork.dsl.uml2.runtime.sdk.feature</string>
     </void>
    </object>
   </void>
   <void method="put">
    <string>https://marketplace.eclipse.org#2333701</string>
    <object class="java.util.ArrayList">
     <void method="add">
      <string>com.laboki.eclipse.feature.fastopen</string>
     </void>
    </object>
   </void>
   <void method="put">
    <string>https://marketplace.eclipse.org#2593184</string>
    <object class="java.util.ArrayList">
     <void method="add">
      <string>ilg.gnumcueclipse.managedbuild.cross.arm.feature</string>
     </void>
     <void method="add">
      <string>ilg.gnumcueclipse.templates.stm.feature</string>
     </void>
     <void method="add">
      <string>ilg.gnumcueclipse.templates.freescale.feature</string>
     </void>
     <void method="add">
      <string>ilg.gnumcueclipse.debug.gdbjtag.jlink.feature</string>
     </void>
     <void method="add">
      <string>ilg.gnumcueclipse.debug.gdbjtag.openocd.feature</string>
     </void>
     <void method="add">
      <string>ilg.gnumcueclipse.debug.gdbjtag.qemu.feature</string>
     </void>
     <void method="add">
      <string>ilg.gnumcueclipse.templates.cortexm.feature</string>
     </void>
     <void method="add">
      <string>ilg.gnumcueclipse.packs.feature</string>
     </void>
     <void method="add">
      <string>ilg.gnumcueclipse.templates.ad.feature</string>
     </void>
     <void method="add">
      <string>ilg.gnumcueclipse.codered.feature</string>
     </void>
     <void method="add">
      <string>ilg.gnumcueclipse.managedbuild.cross.riscv.feature</string>
     </void>
     <void method="add">
      <string>ilg.gnumcueclipse.debug.gdbjtag.pyocd.feature</string>
     </void>
     <void method="add">
      <string>ilg.gnumcueclipse.templates.sifive.feature</string>
     </void>
    </object>
   </void>
   <void method="put">
    <string>https://marketplace.eclipse.org#84997</string>
    <object class="java.util.ArrayList">
     <void method="add">
      <string>org.freejava.javasourceattacher.feature</string>
     </void>
    </object>
   </void>
   <void method="put">
    <string>https://marketplace.eclipse.org#2502030</string>
    <object class="java.util.ArrayList">
     <void method="add">
      <string>com.amashchenko.eclipse.strutsclipse.feature</string>
     </void>
     <void method="add">
      <string>com.amashchenko.eclipse.strutsclipse.tiles.feature</string>
     </void>
    </object>
   </void>
  </void>
 </object>
</java>
