<?xml version="1.0" encoding="UTF-8"?>
<feature
      id="org.eclipse.jpt.jaxb.feature"
      label="%featureName"
      version="1.5.100.v201603180253"
      provider-name="%providerName"
      plugin="org.eclipse.jpt.jaxb.branding">

   <description>
      %description
   </description>

   <copyright>
      %copyright
   </copyright>

   <license url="license.html">
      %license
   </license>

   <requires>
      <import feature="org.eclipse.jpt.common.feature" version="1.2.0"/>
   </requires>

   <plugin
         id="org.eclipse.jpt.jaxb.core"
         download-size="738"
         install-size="1765"
         version="1.4.100.v201603180253"
         unpack="false"/>

   <plugin
         id="org.eclipse.jpt.jaxb.core.schemagen"
         download-size="19"
         install-size="30"
         version="1.1.200.v201603180253"
         unpack="false"/>

   <plugin
         id="org.eclipse.jpt.jaxb.ui"
         download-size="297"
         install-size="649"
         version="1.5.100.v201603180253"
         unpack="false"/>

   <plugin
         id="org.eclipse.jpt.jaxb.branding"
         download-size="16"
         install-size="20"
         version="1.4.0.v201309202144"
         unpack="false"/>

</feature>
