<?xml version='1.0' encoding='UTF-8'?>
<?artifactRepository version='1.1.0'?>
<repository name='update site: https://raw.githubusercontent.com/essiembre/eclipse-rbe/master/eclipse-rbe-update-site/site.xml' type='org.eclipse.equinox.p2.artifact.repository.simpleRepository' version='1'>
  <properties size='3'>
    <property name='p2.timestamp' value='1635151818997'/>
    <property name='eclipse.p2.force.threading' value='true'/>
    <property name='site.checksum' value='691156188'/>
  </properties>
  <mappings size='3'>
    <rule filter='(&amp; (classifier=osgi.bundle))' output='${repoUrl}/plugins/${id}_${version}.jar'/>
    <rule filter='(&amp; (classifier=binary))' output='${repoUrl}/binary/${id}_${version}'/>
    <rule filter='(&amp; (classifier=org.eclipse.update.feature))' output='${repoUrl}/features/${id}_${version}.jar'/>
  </mappings>
  <artifacts size='14'>
    <artifact classifier='org.eclipse.update.feature' id='com.essiembre.eclipse.rbe' version='1.0.5'>
      <repositoryProperties size='1'>
        <property name='artifact.reference' value='https://raw.githubusercontent.com/essiembre/eclipse-rbe/master/eclipse-rbe-update-site/features/com.essiembre.eclipse.rbe_1.0.5.jar'/>
      </repositoryProperties>
    </artifact>
    <artifact classifier='org.eclipse.update.feature' id='com.essiembre.eclipse.rbe' version='1.0.1'>
      <repositoryProperties size='1'>
        <property name='artifact.reference' value='https://raw.githubusercontent.com/essiembre/eclipse-rbe/master/eclipse-rbe-update-site/features/com.essiembre.eclipse.rbe_1.0.1.jar'/>
      </repositoryProperties>
    </artifact>
    <artifact classifier='osgi.bundle' id='com.essiembre.eclipse.rbe' version='1.0.2'>
      <repositoryProperties size='1'>
        <property name='artifact.reference' value='https://raw.githubusercontent.com/essiembre/eclipse-rbe/master/eclipse-rbe-update-site/plugins/com.essiembre.eclipse.rbe_1.0.2.jar'/>
      </repositoryProperties>
    </artifact>
    <artifact classifier='osgi.bundle' id='com.essiembre.eclipse.rbe' version='1.0.6'>
      <repositoryProperties size='1'>
        <property name='artifact.reference' value='https://raw.githubusercontent.com/essiembre/eclipse-rbe/master/eclipse-rbe-update-site/plugins/com.essiembre.eclipse.rbe_1.0.6.jar'/>
      </repositoryProperties>
    </artifact>
    <artifact classifier='org.eclipse.update.feature' id='com.essiembre.eclipse.rbe' version='1.0.4'>
      <repositoryProperties size='1'>
        <property name='artifact.reference' value='https://raw.githubusercontent.com/essiembre/eclipse-rbe/master/eclipse-rbe-update-site/features/com.essiembre.eclipse.rbe_1.0.4.jar'/>
      </repositoryProperties>
    </artifact>
    <artifact classifier='org.eclipse.update.feature' id='com.essiembre.eclipse.rbe' version='1.0.2'>
      <repositoryProperties size='1'>
        <property name='artifact.reference' value='https://raw.githubusercontent.com/essiembre/eclipse-rbe/master/eclipse-rbe-update-site/features/com.essiembre.eclipse.rbe_1.0.2.jar'/>
      </repositoryProperties>
    </artifact>
    <artifact classifier='osgi.bundle' id='com.essiembre.eclipse.rbe' version='1.0.5'>
      <repositoryProperties size='1'>
        <property name='artifact.reference' value='https://raw.githubusercontent.com/essiembre/eclipse-rbe/master/eclipse-rbe-update-site/plugins/com.essiembre.eclipse.rbe_1.0.5.jar'/>
      </repositoryProperties>
    </artifact>
    <artifact classifier='org.eclipse.update.feature' id='com.essiembre.eclipse.rbe' version='1.0.3'>
      <repositoryProperties size='1'>
        <property name='artifact.reference' value='https://raw.githubusercontent.com/essiembre/eclipse-rbe/master/eclipse-rbe-update-site/features/com.essiembre.eclipse.rbe_1.0.3.jar'/>
      </repositoryProperties>
    </artifact>
    <artifact classifier='osgi.bundle' id='com.essiembre.eclipse.rbe' version='1.0.4'>
      <repositoryProperties size='1'>
        <property name='artifact.reference' value='https://raw.githubusercontent.com/essiembre/eclipse-rbe/master/eclipse-rbe-update-site/plugins/com.essiembre.eclipse.rbe_1.0.4.jar'/>
      </repositoryProperties>
    </artifact>
    <artifact classifier='osgi.bundle' id='com.essiembre.eclipse.rbe' version='1.0.1'>
      <repositoryProperties size='1'>
        <property name='artifact.reference' value='https://raw.githubusercontent.com/essiembre/eclipse-rbe/master/eclipse-rbe-update-site/plugins/com.essiembre.eclipse.rbe_1.0.1.jar'/>
      </repositoryProperties>
    </artifact>
    <artifact classifier='org.eclipse.update.feature' id='com.essiembre.eclipse.rbe' version='1.0.0'>
      <repositoryProperties size='1'>
        <property name='artifact.reference' value='https://raw.githubusercontent.com/essiembre/eclipse-rbe/master/eclipse-rbe-update-site/features/com.essiembre.eclipse.rbe_1.0.0.jar'/>
      </repositoryProperties>
    </artifact>
    <artifact classifier='org.eclipse.update.feature' id='com.essiembre.eclipse.rbe' version='1.0.6'>
      <repositoryProperties size='1'>
        <property name='artifact.reference' value='https://raw.githubusercontent.com/essiembre/eclipse-rbe/master/eclipse-rbe-update-site/features/com.essiembre.eclipse.rbe_1.0.6.jar'/>
      </repositoryProperties>
    </artifact>
    <artifact classifier='osgi.bundle' id='com.essiembre.eclipse.rbe' version='1.0.3'>
      <repositoryProperties size='1'>
        <property name='artifact.reference' value='https://raw.githubusercontent.com/essiembre/eclipse-rbe/master/eclipse-rbe-update-site/plugins/com.essiembre.eclipse.rbe_1.0.3.jar'/>
      </repositoryProperties>
    </artifact>
    <artifact classifier='osgi.bundle' id='com.essiembre.eclipse.rbe' version='1.0.0'>
      <repositoryProperties size='1'>
        <property name='artifact.reference' value='https://raw.githubusercontent.com/essiembre/eclipse-rbe/master/eclipse-rbe-update-site/plugins/com.essiembre.eclipse.rbe_1.0.0.jar'/>
      </repositoryProperties>
    </artifact>
  </artifacts>
</repository>
